"@SAGawards I‚Äôm team #ThisIsUs and #GameofThrones (aka GoT Us). Also rooting for Black-ish, Sherlock, and Lady Bird. Plus, with @IMKristenBell as host I‚Äôm bound to be entertained. #SAGawards"
"Carice van Houten (Melisandre) spotted near the set of #GameofThrones for season 8. You can't end this story without the Red Woman.
 "
"@edsheeran is in game of thrones, who knew. I didn‚Äôt  #surprise #gameofthrones"
Could watch this episode over and over again üó° #GameOfThrones‚Ä¶ 
"Perfect for a #GameOfThrones marathon, right?! üç∑ "
#GameofThrones Dark Horse Deluxe Game of Thrones: Tyrion Lannister Hand of the Queen Action Figure  #WindsofWinter 
"‚ÄúI know you aren‚Äôt a God, I saw your pecker. What kind of God would have a pecker that small.‚Äù LMFAO! #GameofThrones"
#LearningToDraw Day 3: Robert Baratheon's warhammer from #GameOfThrones 
This is the best thing ever to me with #GameofThrones withdrawal. #brienneoftarth 
Sean Bean from #GameofThrones and #LordoftheRings will greet fans at @WizardWorld in #STL next month: 
I just got @NOWTV purely to watch #GameofThrones as I have only seen half of season one. Only to find it stops on Jan 25th so trying to binge watch as much as possible before then!
I must be the only man in America not watching the football game. Instead I‚Äôm binge watching #GameofThrones.
This sums me up! #GameOfThrones #ValharMorghulis 
Hot off the press! The QuadFather Chronicles  is out!  #gameofthrones #oilers
"Also, I should mention that the #SecretLibraryArchiveProject #WILLOW films were totally the inspiration for Bran Stark in #GameOfThrones."
Not a scene of #GameofThrones 
"@GameOfThrones 
.
#DiZzeLsVERDICT : ‚ÄúYou simply haven‚Äôt lived if you‚Äôve still not seen this show!‚Äù - 9.5/10
.
#filmreview #gameofthrones #got #tvseries #dragons #whitewalker @HBO @Maisie_Williams @johnbradleywest @IsaacHempWr @emiliaclarke "
 this actor of Game of Throne is big inspiration for soo many people. Some people must learn from this actor that i admire soo. Hope that you can going in Toscany for event as Comics and Unicorn Festival #GameofThrones
"I'm here to help. Don't eat the help...
#GameofThrones
"
We are Starks @GameOfThrones #gameofthrones üí™üèºüáπüá∑ 
@beautygurulbc is embracing her inner Khaleesi üê≤üêâ #MotherOfDragons #GameOfThrones #Pravana #SexyHair #PulpRiot #PivotPoint #LearnForward 
I am still so hurt right now over the #GameofThrones Red Wedding scene. The Starks were a good family and didn't deserve any of this. 
Wait until you see the bedrooms in this #GameofThrones themed ice hotel:  
Small Council: What was the best action scene from #GameofThrones season 7? Vote before the polls close!  
Incredible 'Game of Thrones' hotel made entirely out of ice just opened in Finland  via @BINordic @HBO @GameOfThrones #GameOfThrones #HBO #Finland #icehotel #Nordic #VisitFinland
#GameofThrones are you a sheep No! Your a dragon! Be a dragon! 
"Lena gif of today
""No one walks away from me""

#badassmoment #cerseilannister #lenahendey #GameofThrones #hearmeroar #Queen "
Can't trust anyone on this show #Gameofthrones
"#GameOfThrones

You stand accused of murder, you stand accused of treason. How do you answer to these charges... Lord Baelish

Littlefinger: "
Ok I watched #GameofThrones for the first time last night. I am now officially hooked.  My social calendar is blocked off for the next month.
‚ÄúAll I ever wanted was the freedom to make my own mistakes.‚Äù - Rewatching #GameOfThrones &amp; loving it.
Had a dream that I was in season 8 of #GameOfThrones üòÖüòÇ was watching the Mountain battle the Hound and Khaleesi charging her army hahaha wild üò≥
"A Game of Gnomes,who are you? Take our quiz #CuraGOG #GameofThrones  #health #protection #quiz #game #insurance #life "
#got popup @precinctkitchen #gameofthrones #winterishere #winteriscoming #whitewalkers‚Ä¶ 
#GameOfThrones is truly brilliant!
"""WTF? What's her problem? WHATWHATWHATWHATWHAT!!! She's crazy. WTF. THAT'S DISGUSTING. WHY""

Text from my friend, who's watching #GameofThrones for the first time, upon meeting Lysa Arryn"
Get your #GameofThrones fix by visiting Finland. 
Just rewatched IMAGINE ME AND YOU to get lesbian Lena Headey happiness in my life before #GameOfThrones starts and makes me mad 
"#WinterIsHere T-Shirt @Game0fThronz 
(W)=&gt;
(M)=&gt;
#GoTSeason7  #GoTS7 #GameOfThrones "
A #GameofThrones ice hotel is opening in Finland!  
"If you are still mourning the news #GameOfThrones is not coming back until 2019, then head to Lapland to stay in 'Westeros' .. (or this ice hotel which is as close to it as you can get.)
 "
"A man who fights for coin is loyal only to his purse.

Tyrion (IX)‚ÄîSer Kevan Lannister

 #GameOfThrones"
A DRAGON IS NOT A SLAVE @ Reddit Freefolk #GameOfThronesFinale #GameofThrones Read it here:  
"Sunday like this i'd be looking forward to #Power &amp; #GameOfThrones . . .

 Just dey yah.."
Game face on. Winter efikile üê∫... The countdown begins...!!!!!! #GameOfThrones 
"@MJD and @WillieMcGinest just had a #gameofthrones type wager... Bend the knee and kiss the ring, huh? I respect both of y'all and both franchises, but I went to school in Central FL and worked in JAX and think it's time for a new king on the throne. Go @Jaguars"
Is #Britannia the new #GameofThrones? Amena actress Annabel Scholey reveals all:  
"@GOTseries_Newz NOOOOOOO! I DONT WANT IT TO END!
#GameofThrones  Is My Favorite Show Of All Time! No Show Can Go Head To Head With Game Of Thrones &amp; Win. #PeterDinklage Is Great In G.O.T. But So Is Everyone Else. The Stories, Acting, Creativity, Battle Scenes, etc. Are #Awesome! @HBO"
"Someone just have to explain me why so many people ship the jonerys.Jorah and Dany are just perfect together, they are lovely and tearjerker. I'll never accept jon snow and daenerys as a couple,they are totally random! #jorerys #jorahmormont #DaenerysTargaryen #GOT #gameofthrones"
"#GameOfThrones Should I explain to you the meaning of a closed door in a whorehouse, brother? "
The Dark Hedges in a blizzard! @newslineweather @PictureIreland @VisitCauseway @CausewayGlens @DiscoverIreland @GameOfThrones @BBCCountryfile @WalkinIreland #GameofThrones 
"Peter Dinklage on Why It‚Äôs ‚Äòthe Perfect Time‚Äô to End ‚ÄòGame of Thrones‚Äô
#GameofThrones  "
"All right, Van Wezel, let's do this thing.
üëë
üëë
üëë
üëë
#actor #actorslife #got #gameofthrones‚Ä¶ "
"#GameOfThrones. Apart from Tyrion Lannister‚Äôs awards. Lena Headey, Emilia Clarke, Kit Harington, Maisie Williams, Diana Rigg, and Max von Sydow have also received Primetime Emmy Award nominations for their performances in the series "
Kaleesi‚Äôs real brother üò≥üòÇ #GameOfThrones 
#GameofThrones A Game of Thrones / A Clash of Kings / A Storm of Swords / A Feast of Crows / A Dance with Dragons  #WindsofWinter 
Lovely to meet @KristoferHfan - the fantastic Tormund Giantsbane - at airport this evening #GameofThrones 
"#GameOfThrones. The pilot episode, ""Winter Is Coming"", was first shot in 2009; after a poor reception in a private viewing, HBO demanded an extensive re-shoot (about 90 percent of the episode, with cast and directorial changes). "
"I watch television too much. It‚Äôs become a real problem. I just binged Game of Thrones: Season 7 in one evening, then I turned around the next day and watched 2 movies. What is the outside? #tvtime #movie #GameofThrones #BingeWatching #media"
I love how much Tyrion slaps Joffrey üòÇ #GameofThrones
"But we are dragging it out though =/ #GameofThrones #GoT üòë
"
Folk who judge a tv show and they have watched the first episode need to fuck right off. They don‚Äôt deserve a #Sopranos #PeakyBlinders #GameOfThrones . Stick to #BigBrother please. üëçüèº
Emilia Clarke and Jason Momoa reunited in London #GameOfThrones 
#PeterDinklage says #GameOfThrones is ending at the ‚Äòperfect time‚Äô as talks final season 
The latest The BOUNZ Daily!  #amay #gameofthrones
2018 is a year without #GameOfThrones. üò¢ Just started watching an old show called #StrikeBack and the last few episodes featured Ser Davos &amp; now Ser Jorah. We all gotta manage somehow. ü§∑üèº‚Äç‚ôÄÔ∏è #YearWithoutThrones
#SagAwards tonight ..  actors from #StrangerThings and #GameOfThrones up for awards.  They have to win!
Peter Dinklage Explains Why 'Its The Perfect Time' To End 'Game Of Thrones' And Gives A Promising Progress Report On Season 8 Filming  #GameOfThrones
Peter Dinklage Explains Why 'Its The Perfect Time' To End 'Game Of Thrones' And Gives A Promising Progress Report On Season 8 Filming  #GameOfThrones
Peter Dinklage Explains Why ‚ÄòIts The Perfect Time‚Äô To End ‚ÄòGame Of Thrones‚Äô  #Culture #GameofThrones 
RobbieStark839 @ Reddit Freefolk #GameOfThronesFinale #GameofThrones Read it here:  
"In a show where characters go missing for long periods of time, don't forget about his one when #GameofThrones resumes for Season 8. "
So glad I was able to get caught up on #GameofThrones
"RT  #GameofThrones themed growler carrier. Will hold 2 growlers, 4 bottles of wine, or 8 cans/bottles. All wood and glue, no metal, poplar joined with oak dowels. #handma‚Ä¶ "
I choose violence. #GameofThrones 
"Motherfucking, Theon laid siege to the Red Mountains! #GameOfThrones"
"Just read the chapter in A STORM OF SWORDS referred to as the""red wedding""--gonna need some kind of break before returning to civilization. Til then looking for some Freys to punch in the face. #GameOfThrones"
Game of Thrones Season 8 - House Greyjoy Filming News (SPOILERS) #GameofThrones  via @YouTube
"Popular #movielocation in south #Iceland at #Hafursey, black sands,#glacier and a green #mountain. #starwars #noah #GameofThrones #nature #geology #travel "
"Am a slow reader so put off re-reading #ASongofIceandFire because didn‚Äôt want to get half way through and have #WindsofWinter get released, but screw it today I‚Äôm starting #GameofThrones üê∫ü¶Åü¶Öü¶ëüåπü¶åüêâüêü‚òÄÔ∏è"
"#GameofThrones has been nominated for the prestigious Humanitas Prize, which is awarded to shows that ""encourage viewers to truly explore what it means to be a human being."" Okay then.  "
"This is the spanish edition of #AStormOfSwords #GameOfThrones .@GRRMspeaking, could you just tell me what's happens in that pages? Or something...? Maybe you mean it's the end of the world and my book is just fine? "
"Amazon has been looking for something to rival #GameofThrones for a while now. Is ""Britannia"" the answer? Watch the trailer:  "
"Sundays are not the same without #GameOfThrones or #VicePrincipals. Dammit @HBO, you've left me with a void."
"#GameofThrones themed growler carrier. Will hold 2 growlers, 4 bottles of wine, or 8 cans/bottles. All wood and glue, no metal, poplar joined with oak dowels. #handmade #GoT #maker #MilkOfThePoppy #HBO #beer #craftbeer #wine #woodworking "
We don‚Äôt stand a chance otherwise. #GameOfThrones
Re-watching Game of Thrones! Forgot just how much I loved Robb Starküòç #GameofThrones
I feel lost #GameofThrones #AfterTheThrones
Some thoughts on #GameofThrones ending from actor Peter Dinklage. 
"""If you're going to write histories, Tarly, you have to do the research,"" Archmaester Ebrose  ~ George R R Martin #GameofThrones "
#GameofThrones House Stark Bracelet  
"SEASON 8 üòçüòç

THEY'RE AT THE GATES OF WINTERFELL üò®üò®üò®

#GameOfThrones 
#Shivers 

"
"Peter Dinklage on #GameOfThrones coming to an end: ""It's time"" "
I‚Äôm sorry but how can you be so stupid to kill a white walker and then leave what you killed it with behind smh Sam you are annoying #GameofThrones
"Proudly featuring the Action &amp; Adventure genres !

Check it out !  #random #movie #tvshow #spoiler #action #adventure #battlestargalactica #bsg #gameofthrones #got #theisland #armageddon #waterworld #spartacus #starwars "
The toughest most time consuming portrait I've done to date. #JonSnow painted on #iPadPro with @AdobeDrawing app #adobedraw and refined with @Procreate #GameofThrones #KitHarington #ipadart 
On season 6 of #GameofThrones and honestly it's just a series of relieved sighs from Jon Snow 
"The Path:Season 3 üòç
#ThePath #fmovies #fmoviesYT #WatchMoviesOnline  #LavaMovies #GameofThrones #Westworld #GameOfThones7  #GameOfThrones #FeatureFilm #Filmmaking #IndieFilm #SupportIndieFIlm #thevampirediaries  #PromoteHorror #HeartlessMovie  #horrormovie "
#GameOfThrones' Emilia Clarke looks perfect on the #CriticsChoiceAwards blue carpet. 
When ISIS makes you miss #GameOfThrones 
Rooney Mara could easily be Sansa Stark. #GameOfThrones
"If anyone buys me this. They‚Äôre the one. ‚ù§Ô∏è 

#Gameofthrones #ValentinesDay "
"Top Ten TV shows that i have watched till now -
1. #BreakingBad
2. #Fargo
3. #MindHunter
4. #SonsOfAnarchy
5. #MasterofNone
6. #TheWalkingDead
7. #StrangerThings
8. #GameOfThrones
9. #Narcos
10. #PrisonBreak"
"Breaking Bad OR Game Of Throne....?

#BreakingBad #GameOfThrones #TvPoll #Poll #Polls"
Best Drama: Prediction: #ThisIsUs Should Be: #GameofThrones #SAGAwards2018 #JJReviews
Red wedding got me shooketh #gameofthrones
Targaryen Sigil by Heather Zaccaro  #knitting #gameofthrones 
"The Hound and Brienne were acting like such proud parents of their murder-child, Arya. üòÇ #GameofThrones "
I'm going to watch one episode of #GameofThrones a minute (i said to myeslf) 6 episodes down and i still cant bear leaving the television ü§£ü§£ Season 7 nearly completed üò¢ what will i do then haha
"You ever watched any season of #Gameofthrones , ever? "
Anyone else wonder how much #GameofThrones candle budget is?  It's thoughts like this that keep me awake at night.
@themadrasponnu That is exactly what khaleesi said in #GameofThrones
#GOT Peter Dinklage is ready for 'Game of Thrones' to be over - Mashable  #Gameofthrones 
#GOT Winter is always here at Game of Thrones ice hotel -   #Gameofthrones 
I just found out @KristianNairn aka Hodor from #GameofThrones is a DJ !! üî•üéâ #mad #surprised
"Did you see @Maisie_Williams in Cabot Circus today?

The #GameofThrones star flew over from filming in Ireland to join @aardman director Nick Park for the Bristol premiere of their new film @earlymanmovie! #HeartNews "
"If she isn't the most amazingly inspiring fictional character ever I don't know who is. Thank you George, #GameofThrones and #HBO for #DaenerysTargaryen üíû‚ù§üíû‚ù§üíï "
Sometimes it be your own brother #GameofThrones type of betrayal 
"watching this episode makes me sick in the stomach. oh, Ned üò≠ #GameofThrones #Season1 #episode9"
The #GameofThrones Cast for Time Magazine! 
The #GameofThrones¬†Cast at the Season 7 premiere today in Los Angeles! 
Lena Headey &amp; Nikolaj Coster-Waldau behind the scenes of #GameofThrones Season 7! 
It will be snowing all day tomorrow and I won't be able to go out so I will stay home and binge watch #GameofThrones season 7! Thank You Snow!‚õÑ‚ùÑÔ∏èüôå‚ú®
"Missing #GameofThrones? How 'bout #GameOfMoans? #ImpeachmentNow with a twist, a twenty year one...   
"
"Watching #GameOfThrones a second time, it is incredibly evident from the very beginning that Robb and Catelyn made nothing but terrible, terrible decisions. #RainsOfCastermere"
"#GameofThrones 
Be careful you have much mistakes "
"'WinTEAr is coming' 

üôà
#vielzuflach #GoT #season7 #gameofthrones #JonSnow #teatime #winter‚Ä¶ "
"A jealous Jon Snow is my favorite Jon Snow üòçüôåüî• 
#Jonerys‚ùÑÔ∏èüî• #GoTS7 #GameOfThrones "
"Sick of this weather ... #bringonthesummer!

#festivals #music #summer #thatonefriend #gameofthrones #rain #britishweather #thehound #tormund #winteriscoming #summeriscoming "
"#gameofthrones is so good, why didn't i start it sooner smh. "
"#GameOfThrones used seven writers in six seasons. Series creators David Benioff and D. B. Weiss, the showrunners, write most of the episodes each season "
Damn right!!! I have been watching them on mobdro every night!!! Never get tired of rewatching them #GameofThrones 
"@fmoviesYT The Path:Season 3  üòç
#ThePath #fmovies #fmoviesYT #WatchMoviesOnline  #LavaMovies #GameofThrones #Westworld #GameOfThones7  #GameOfThrones #FeatureFilm #Filmmaking #IndieFilm #SupportIndieFIlm #thevampirediaries  #PromoteHorror #HeartlessMovie #horrormovie "
"This one time, in a cave...

""Broken Vows"" art by Marc Simonetti #GameofThrones "
"Watching this scene from S1, I wonder how much Sean Bean had been told about who Jons parents were. #GameOfThrones "
"#GameofThrones season 8 LEAK: HBO boss accidentally drops huge Iron Throne spoiler 

 "
#GOT Britannia review: A great watch if you find Game of Thrones stuffy and grounded -   #Gameofthrones 
"Btw welcome to the year without game of thrones :/ 

#gameofthrones #got"
"This is pretty much what I think #GameofThrones is about. That, and bro/sis fucking. "
#StupidThingsCouplesFightAbout Who's going to win the iron throne. #GameofThrones
Britannia review: A great watch if you find #GameOfThrones stuffy and grounded -   
"In a 2012 study of deaths per episode, it ranked second out of 40 recent U.S. TV drama series (with an average of 14).   #GameOfThrones "
"Lady Sansa Stark of Winterfell 

Fanart for all you #GameofThrones fans - I'm slowly getting back into digital art and it's lovely ‚ô° 

@TheArtBond | @dibujando | #fanart | #artistsontwitter | #sansa | #portrait "
"Nooo poor TonyüòÇ
//
#ironman #tonystark #rdj #robertdowneyjr #loki #tomhiddleston #thor #chrishemsworth #thorragnarok #lokilaufeyson #thorodinson #thorki #marvel #avengers #infinitywar #marvelcomics #mcu #gameofthrones #got #daenerystargaryen #textpos‚Ä¶  "
Maisie Williams (Arya Stark) talks about leaving #GameofThrones behind: ‚ÄúIt‚Äôs been my safety blanket.‚Äù  
"@fmoviesYT The Path:Season 3 üòç
#ThePath #fmovies #fmoviesYT #WatchMoviesOnline  #LavaMovies #GameofThrones #Westworld #GameOfThones7  #GameOfThrones #FeatureFilm #Filmmaking #IndieFilm #SupportIndieFIlm #thevampirediaries  #PromoteHorror #HeartlessMovie  #horrormovie "
"But as a wise man said, "" we make peace with our enemies, not our friends. "" 

Missandei

#GameofThrones"
Arryn Sigil by Traci &amp; Tommy Webb  #knitting #gameofthrones 
"best tv show based on books 
1/2 

#GameofThrones #TheVampireDiaries #PrettyLittleLiars #Shadowhunters"
"Can not wait for the NTA awards that will be on tuseday at 7pm i really do hope my vote wins and that game of thrones wins for best drama ‚ù§‚ù§‚ù§üè∞üè∞

#NTAs #GameOfThrones "
New earrings! Game of thrones! #earrings #got #gameofthrones #yeah #nice #awesome‚Ä¶ 
""" Long enough to know , but not long enough to understand ""
Missandei 

#GameofThrones"
"we love one (1) lady and her new little wolf ‚ùÑÔ∏è

#GameOfThrones "
What actually happened üòÇ #GameOfThrones 
"Winter is here &amp; so is Peter Dinklage. Listen to what he thinks about #GameOfThrones ending in this #ATTvip exclusive...

üìç #VarietyStudio DIRECTV Lodge at #Sundance  #attemployee "
EP 109: Liam Cunningham from #GameofThrones says Superhero movies are on the way out. Do you agree? @ElliottSerrano and @keithrconrad discuss on @RadiosMisfits 
"#SAGAwards2018: Who U got 4 #BestTVShow- #Drama? 
#awardsseason 
#SAGAwards 
#StrangerThings2 #StrangerThings 
#GameofThrones #GoT 
#HandmaidsTale 
#TheCrown #TheCrown2 
#ThisIsUs 
@tntdrama"
@nfl @Eagles @vikings @PAOnTheMic @espn @kfan in Philadelphia what is a 6 letter word for loss.................E-A-G-L-E-S. ......... #WinterIsHere #GameofThrones #THEMOUNTAIN #SKOL 
"#BOTVA17 Best Of TV Awards 2017 - Favorite TV Character Semi-Finals
Sherlock Holmes @jonnyjlm #Elementary
Tyrion Lannister #GameOfThrones
Jon Snow
Arya Stark @Maisie_Williams
Cersei Lannister @IAMLenaHeadey
Daenerys Targaryen @emiliaclarke


VOTE NOW! üì∫‚úÖ"
I felt so sorry for Theon when he was captured by that clown Bolton ‚òπÔ∏è #GameofThrones
"Game of Thrones inspired items @Game0fThronz  
#GameOfThrones7 #GoTs7 #GameOfThrones "
"Keeping up with the Targaryens, Aegon's homework ( genealogic tree) @ Reddit Freefolk #GameOfThronesFinale #GameofThrones Read it here:  "
"#GameofThrones is nominated for the highbrow Humanitas Prize, which is given to shows that ""motivate viewers to reach out in respect and compassion to all their brothers and sisters in the human family."" Okay...  "
Game Of Thrones Hotel In Finland Made Of Ice And Snow. Read All About It Here  ‚ùÑ #travel #snow #winteriscoming #got #gameofthrones #hotel #ice #ZenModeOn #finland #explore #traveler #icesculptures #snowvillage 
I really want to go to one of these #GameofThrones events 
"Heath L. alwaysüòçüòç
#walkingdead #gameofthrones #harleyquinn #barcelona #fantastic #flash #vision #merdak #itmovie #artnerd #instanerd #instagood #instadaily #new #illustration #artoftheday #thejoker #instagrammer #thedarkknight #dccomics #drawing #drawingoftheday #photooftheday "
"Which GoT character is your flatmate? 

Tag your flatmate and vote with appropriate number! 

We have all sorts of flatmates at 

#GameofThrones #GoT #NayaRoomie #Flats #Flatmates #Friends #Delhi #Mumbai #Gurgaon #Chennai #Bengaluru #Kolkata #startup #India "
Peter Dinklage is glad #GameOfThrones is ending before it 'jumps the shark'  
Peter Dinklage is glad #GameOfThrones is ending before it 'jumps the shark'  
"The fuck you mean you binge-watched #GameOfThrones without me?? 

#StupidThingsCouplesFightAbout "
"Just past that wall is where the wildlings live.
#got #GameofThrones "
"Dyno will soon have some major push.

Get your tokens on #etherdelta while they're still affordable.

#DynoEmpire #DynoWatch #GameOfThrones #BlockchainRevolution #Cryptocurrency #TokenSale #Ether #Ethereum #Community #Technology #People #Decentralization

"
"Peter Dinklage on why it‚Äôs ""the perfect time"" to end #GameofThrones  "
Never seen it before #GameofThrones
"You Killed My Sister, Prepare to Die #GameOfThrones "
game of thrones GAME OF THRONES #gameofthrones 
'Game of Thrones' Extended Universe Is Everything  #gameofthrones
One does not simply wait for Season 8‚Ä¶  #GameofThrones #impatient
GameOfThrones : RT lizponce: This happened today and it was pretty awesome! #GOT7DVD #GameofThrones GameOfThrones  (via Twitter ) 
Iconic üëë #GameOfThrones #GoldenGlobes 
RT ToastyCritic: Dragonstone map from #GameOfThrones at the special #GOT7DVD fan screenings.  #GameOfThrones #HBO
RT lizponce: This happened today and it was pretty awesome! #GOT7DVD #GameofThrones GameOfThrones  #GameOfThrones #HBO
"Poor Theonüò≠ sometimes, I wish I can use my savings to give Theon a happy life idkü§¶üèª‚Äç‚ôÄÔ∏è
//
#gameofthrones #got #daenerystargaryen #jonsnow #theongreyjoy #sansastark #aryastark #textpost #meme #tumblr #art #fanart  "
RT SassyMamainLA: Getting my Westoros fix.   #GOT7DVD  #GameOfThrones #HBO
"R.I.P. Guru born on this day 17th July 1961 
#Gangstarr #djpremier #gameofmicrophones #hiphop x #gameofthrones Check  "
The Game Of Thrones Ice Hotel May Be The Coolest Place You'll Stay In 2018  #GameofThrones 
Peter Dinklage is ready for 'Game of Thrones' to be over  #Entertainment #Tv #Hbo #GameOfThrones
Because nothing screams respect and compassion for humanity like #GameofThrones... 
"‚ÄúEveryone who isn‚Äôt us is an enemy.‚Äù ‚Äï Cersei-Lannister

#Gameofthrones
#GOTWears
#GOTpendant
#Stark_Targaryan... "
This reminded me of the tree in #GameofThrones 
"Some old wounds never truly heal, and bleed again at the slightest word. #GameOfThrones"
"#TRENDING NOW! #KimKardashian, #TaylorSwift and More Celebs Pay Hair Homage to #Khaleesi from #GameofThrones!!! Want to know what other looks and celebs are trending? Make sure you watch our video now! "
Someone please give him a fookin Castle.. #GameofThrones 
"‚ÄúEveryone who isn‚Äôt us is an enemy.‚Äù ‚Äï Cersei-Lannister
#Gameofthrones
#GOTWears
#GOTpendant
#Stargaryan
‚ÄúThe... "
@Rhona0505 @GameOfThrones Poor fucking u best thing on tv for past 5 years #GameOfThrones
"Olena, no longer of High Garden, victim of Cersi #gameofthrones #olenatyrell #fantasy #scifi‚Ä¶ "
Have you watched all of #GameOfThrones ?  Or some of it ?    I‚Äôm only on season 2 episode 4. Love it lol !!!
#GameofThrones star Maisie Williams and Nick Park welcomed Bristol Children's Hospital youngsters to premiere of Aardman film Early Man at Cabot Circus this afternoon - here's what went down 
I've just finished watching game of thrones season 1-7 in a week!! It was the best!!!! #GameofThrones #GOT7
Cersi first of her name #cersilannister #queenoftheandals #gameofthrones #lannister‚Ä¶ 
@baranboodar &amp; @jantjefriese said in an Interview that nobody is waiting on @DarkNetflix like on @GameOfThrones ...that was bevor @netflix released it. #quickupdate ! WE ARE ALL WAITING FOR #DarkNetflixSeaon2 !!! I don't care about #GameofThrones #DarkNetflix IS MY #GOT !!! ^^
Do I see creepy horny angel in the map of Slaver's Bay? @ Reddit Freefolk #GameOfThronesFinale #GameofThrones Read it here:  
Fuck you Olly. @ Reddit Freefolk #GameOfThronesFinale #GameofThrones Read it here:  
Peter Dinklage says #GameofThrones ending at the 'perfect time' 
Anybody up for a game?  #GameofThrones 
"#GameOfThrones.   The series began development in January 2007.  HBO acquired the TV rights to the novels, with Benioff and Weiss as its executive producers, and Martin as a co-executive producer. "
More wine! üç∑ Our shipment of Game Of Thrones wine is finally here! #gameofthrones #morewine #redwine #whitewine #new #tryme #rocky #coop #coopliquor #gatewaycrossing #gcliquor #cheers  
@Saga_Says @theCott0nCandy @JerryInclenrock @bbycheezzus @Brrrrraaaaiiins @VivaLaEthan @The_Blue_Brand @StaciDelezenne @thisonegirlamy @nicklaroberts @CreggSimons96 @UTTRob @premnath_92 @justbadgerfudge Working all day. Going back to my #GameOfThrones when I get off. How are you?
Liam Cunningham (Davos Seaworth) discusses his hopes for #GameofThrones season 8.  
@AGirlTiana @Nyathikano So regarding #GameOfThrones those dragons are not real and it's not filmed in Westros..
Wool women's Tunic available @FabricationLS2 by @FScrewballs #WinterIsHere #winter #Fashion #women #GameofThrones #crohet #wool #EthicalFashion #grateful #gratefulfor #87RT 
Such a beautiful family üòÇ #GameOfThrones 
RT ToastyCritic: Dragonstone map from #GameOfThrones at the special #GOT7DVD fan screenings.  GameOfThrones
RT lizponce: This happened today and it was pretty awesome! #GOT7DVD #GameofThrones GameOfThrones  GameOfThrones
"Pilou gif of today

Euron bring cersei her gifts (The martells) 

#GameofThrones
#pilouasbaek 
#eurongreyjoy #euronlove "
@WiCnet Whose right ear is on fire! #GameofThrones üî•
Daenerys was the mother all along @ Reddit Freefolk #GameOfThronesFinale #GameofThrones Read it here:  
"@ASOIAFQuotesGOT ""B·¥Ä ü·¥á Ä…™·¥è…¥ ·¥õ ú·¥á B ü·¥Ä·¥Ñ·¥ã D Ä·¥á·¥Ä·¥Ö was two hundred years old when he died during the reign of Jaehaerys the Conciliator. He was so large he could swallow an aurochs whole.
A dragon never stops growing‚Ä¶
so long as he has food and freedom.""
Arstan Whitebeard

#GameOfThrones 2019 "
"Maisie Williams adds Tom Hanks to Arya‚Äôs kill list, promises #GameofThrones will ‚Äúgo out with a bang.‚Äù  "
We now have a good idea of where the first scene of #GameofThrones season 8 will take place. Read on for SPOILERS:  
"""RT ToastyCritic: Dragonstone map from #GameOfThrones at the special #GOT7DVD fan screenings. "" #GoT"
"""RT lizponce: This happened today and it was pretty awesome! #GOT7DVD #GameofThrones GameOfThrones "" #GoT"
The Humanitas Prize is merely upping their SEO game. #GameofThrones 
"Kit Harington (Jon Snow) returns to Belfast, an more news about the #GameofThrones cast members. 

Ever wanted to see Samwell Tarly do a bunch of cocaine before having a threesome? Now you kind of can. "
#Netflix #GameofThrones cest quand que game of throne arrive sur Netflix
"There but for the grace of execution, shadow monsters, exploding buildings, ritual burnings... (Via #GameofThrones Memes: )

Also, Margaery should probably be on this list. "
"Looks the part would be great role for him üíö
@thenotoriousmma ‚òòÔ∏èü¶ç

#ConorMcGregor #Notorious #GameOfThrones #TheMountain #addicted #signhimup #TheKing "
Hey #popculture #nerds! If you dig #starwars #gameofthrones #thewalkingdead #rickandmorty... then the Geek Pack is the expansion pack for you! #spanktheyeti #cardgames 
We've got minor SPOILERS about a scene in #GameofThrones season 8. It takes place in [LOCATION DELETED].   
#reading #books For fans of A Feast for Crows  #georgerrmartin #ASOIAF #GOT #gameofthrones Come visit us!
Great match for the next #startrek Wesley Crusher: Olly from #GameofThrones #sooooAnnoying
Should I give #GameofThrones another shot ü§î got halfway through season 2 before I lost track of everything
"Fan-trailer #GameOfThrones #GoTs8

‚¨áÔ∏è‚¨áÔ∏è‚¨áÔ∏è‚¨áÔ∏è‚¨áÔ∏è‚¨áÔ∏è‚¨áÔ∏è‚¨áÔ∏è‚¨áÔ∏è‚¨áÔ∏è

‚¨ÜÔ∏è‚¨ÜÔ∏è‚¨ÜÔ∏è‚¨ÜÔ∏è‚¨ÜÔ∏è‚¨ÜÔ∏è‚¨ÜÔ∏è‚¨ÜÔ∏è‚¨ÜÔ∏è‚¨ÜÔ∏è

‚ÄºÔ∏èSpoiler season 1-7‚ÄºÔ∏è "
Maisie Williams Talks About Growing Up With '#GameOfThrones'  
#sundaychills whilst watching #GameOfThrones
So regarding #GameofThrones. Not a single season or episode was shot in Westeros. So much for Northern pride smh. 
The latest The Game Gyrl Daily!  #gameofthrones
#LearningToDraw Day 3: Catspaw Blade from #GameOfThrones 
@acewriter42 @duolingo The phrases that really matter! #HighValyrian #GameofThrones #Duolingo
"SPOILERS: A familiar set is back in action for #GameofThrones season 8...and we know what happens there. 

We've also got info on a familiar fan favorite character and a familiar crew of criminals protecting a giant Wall. "
"Reliving my youth and watching #TheAnimalsOfFarthingWood and realising it's like #GameofThrones for kids. 
One big bloodbath of animals.
Goodbye family of Newts, Mrs Pheasant and now Mr Pheasant.
How did I miss all this as a kid?
Oh yeah, I just wanted to draw &amp; colour in badger. "
#ariastark with the #wolves #gameofthrones #starks #movistarseries 
"Not me
I adore it üíô

Feel sorry for the 1% üôÖ‚Äç‚ôÄÔ∏èüôÖ‚Äç‚ôÄÔ∏èüôÖ‚Äç‚ôÄÔ∏è

#GameofThrones @GameOfThrones "
"A cold wind was blowing from the north, and it made the trees rustle like living things. #GeorgeRRMartin #quote #GameofThrones @jsawarna #ASongofIceandFire @BBarbaralicious @divergenttravel @PicPoet @ggrivettcarnac @treyptrsn @GardenOpus 
Thanks for following! Happy to connect üòç "
King In The North (Of Wales) #GameOfThrones #NewTee  #Selfie #Tired #Me #Olive #Jonathan‚Ä¶ 
Meet #GameOfThrones and Walking Dead stars as Hull's Comic Con takes to the seas - Hull Daily Mail  
"#GoT #Trivia Night this Tuesday, 1/23 @TheDublinerNYC starting at 7pm. RSVP at;  #FiDi #NYC #GameOfThrones"
"Want to meet one of the most honourable men of the Seven Kingdoms? @SerIanMc, who played Barristan Selmy in #GameOfThrones, will be at #CapitalSciFiCon, to talk all things #Westoros. "
"My Etsy shop is back open! Get your #Overwatch #GameofThrones #harrypotter and other nerdy stuff!

 "
Game of Thrones Shoulder Bag #gameofthrones #gameofthronesfamily  
