"#GameofThrones dating profiles, from :  ",ns
"Still awake, so working on finishing reading A Feast For Crows. Whoever thought that #GameOfThrones went off-book just for season 7 was severely mistaken.",ns
"""I wish all those poncey lords and ladies would sod off and bother someone else next year."" #Davos #Davos2018 #GameOfThrones ",ns
Your king says he betrayed me for love. I say he betrayed me for firm tits and a tight fit ... and I can respect that. #GameOfThrones,ns
"üòçüòçNEW ITEMSüòçüòç
#gameofthrones #mugs #winteriscoming",ns
"Thank you Mr Tyrion Lennister. That's fantastic!!!
#animallover #GameOfThrones 
#PeterDinklage ",ns
"Prepare for #12DaysofGoT.
Countdown to the holidays with #GameofThrones. ",ns
Game of Thrones: Daenerys Targaryen by HemseyQart #gameofthrones #got ,ns
"Design studio Karakter has released concept art for #GameofThrones season 7, and it's stop-what-you're-doing-right-now-and-look-at-it magnificent.  ",ns
Celebrate the epic world of Westeros with a limited edition #GameofThrones PMC. The #HouseTargaryen is available to pre-order now:  ,ns
Thank you very much @maisie_williams for these fantastic shirt. I love it. Let‚Äôs protect dolphins together. #MaisieWilliams #DolphinProject #SaveDolphins #AryaStark #HouseStark #GameofThrones #WinterIsComing üê∫‚ùÑÔ∏è üê¨ ,ns
I need more GOT mutuals #GameOfThrones,ns
"So... Sansa almost married a Prince that was in fact a bastard. Jon is a bastard that is in fact a Prince (and the rightful heir to the  ‚Ä¶ 
#GameofThrones #SansaStark
#Jonsa üíô ",ns
Almost every episode in Season 8 of #GameofThrones will be directed by the Red Wedding and Battle of the Bastards creators ,ns
#GameofThrones VARIOUS GAME OF THRONES T-SHIRTS  ,ns
"Jorah, poor Jorah @ Reddit Freefolk #GameOfThronesFinale #GameofThrones Read it here:  ",ns
"Finally, season 7! #GameOfThrones #GOT ",ns
"Woah! Top 5 uncanny similarities between Padmaavat and Game of Thrones

#Padmaavat #GameOfThrones  @filmpadmaavat @RanveerOfficial
@shahidkapoor @GameOfThrones @bhansaliprod_fc

",ns
"Finally, season 7 of #GameOfThrones! #GOT ",ns
"Game of Thrones Key-chain
 #gameofthrones #gameofthronesfamily  ",ns
"Raise your banners.
#GameofThrones won three @TheWebbyAwards, including Best Overall Social Presence. ",ns
"When we find who did this, I will flay the skin off him, cook it crisp as crackling, &amp; make him eat it, every bite. #GameOfThrones",ns
"Share if you find it terrific!

#gameofthrones #gameofthronesfamily #gameofthronesfan",ns
#GameofThrones Update: Season 4 Ep 1,ns
"Day 20
( @nikolajcw ) Jamie Lannister #GoT #GameofThrones ",ns
"""Who's excited for the #best #roadtrip in the series?"" #gameofthrones #got ",ns
#GameOfThrones universe,ns
Sneakpreview for the post that's coming tomorrow! üî• 'DRACARYS' üî• #Daenerys #Dracarys #GameofThrones ,ns
The things I do for love. #GameOfThrones,ns
Getting caught up on Game of Thrones #got #GameofThrones #hopejohnsnowdies,ns
"There's definitely a connection between Margaery Tyrell &amp; Khaleesi! Want to watch them explore it in Virtual Reality?
‚Ä¢ #VR Trailer:  
#VRCosplayX #VRPORN #LewdCosplay #XXX #sexycosplay #cosplaygirl #pussy #Threesome #PSVR #GameofThrones #GOT ",ns
So true! #GameOfThrones ,ns
"Woah! Top 5 uncanny similarities between Padmaavat and Game of Thrones

#Padmaavat
#GameOfThrones 
@filmpadmaavat
@RanveerOfficial
@shahidkapoor
@GameOfThrones
@bhansaliprod_fc

 via @ibtimes_india",ns
Slot Games - Game  #gameofthrones #partycasino #partycasinogames,ns
Am I the only one who is slightly attracted to Jaqen H'ghar from GoT? #GOT #GameOfThrones,ns
"for now, #JohnSnow is doing classic....
Sorry for the bad #joke.
#Got #GameOfThrones ",ns
I like Arya.She is so strong! #painting #GameofThrones #aryastark ,ns
"This #GameOfThrones themed hotel is made of snow and ice

#CapitalToday #CapitalTV #capitalupdates 

",ns
Cool coding job:  #autodesk  #gameofthrones #ai  ,ns
Cool coding job:  #autodesk  #gameofthrones #ai  ,ns
"Starting With Quest 2
Guess The Characters Name From #gameofthrones
Win cool #Giveaways from #GoTS7 
Do use all Tags &amp; follow @ungoor_you",ns
"1) Guess The Name of Winter Fell Characters From #Gameofthrones 

a)Jay Hardy   b)Gendry
c)Jon Snow   d)Robb Stark

#ungoor #GoTS7 ",ns
"Best Winner's from all Quest will Be getting #GameOfThrones Outfits 
One  winner will get gift voucher of 500 Rs/- 
Tag mates &amp; Win IT All!! ",ns
"#game has begin and Quest has started 
Bring More #GameOfThrones Fans For #GoTS7 #contest
while we move on To our next Quest .. ",ns
"We are giving Amazing #giveaways From #GameOfThrones Wardrobe
One Lucky winner will Get Gift voucher of 500 RS/-
#ContestAlert #contest ",ns
When will it be appropriate to once again start posting #GameOfThrones memes as a hiatus coping mechanism?,ns
Wow üò≤ #GameOfThrones S7E7 @ Winterfell. House Stark!,ns
"I finished Season 7 last night and now I dont know what to do with my life. 
#GameofThrones",ns
No sleep till 2019 üò≥ #GameofThrones ,ns
The #GameOfThrones Fan's Guide to Music Festivals üêâ‚öîüê∫üõ°ü¶Åüëë  ,ns
"Turn us away, and we will burn you first. #GameOfThrones",ns
"""I completely missed this during Episode 4 of Season 2"" #gameofthrones #got ",ns
"Are you ready for the next season? üòâ RT if you do üòâ 

Postercolor Artwork by Kent Ochea

#GameOfThrones #DongA #GameOfThronesFinale ",ns
"So, as we start to watch #GameofThrones again, I‚Äôve started to compare Viserys to Veruca Salt from Willy Wonka &amp; the Chocolate Factory",ns
"While the #MotherofDragons is poised to win the #GameofThrones, the historical Dracula is the true #FatherofDragons T-shirt!  #Dracula #Romania #VladtheImpaler #DanerysTargaryen #Dragon",ns
Night King on Viserion Funko POP! #GoT #GameOfThrones ,s
"When I asked my #GoogleAssistant about Daenerys.... Shocked...
#GameOfThrones #HBO #Khaleesi #JonSnow #GoT #Dragons #Google #AI #technology ",ns
I can't be the only one who thinks #Davos sounds like a place in #GameOfThrones,ns
"Bad news coming from westeros, the Hand Of The King Jon Arryn has just died learn more about it   #GameOfThrones",ns
Who are you? #GameOfThrones,ns
"""Lena Headey proudly displays her other half Cersei Lannister"" @IAMLenaHeadey @lenaheadeygang @SuezWillson #stamps #CerseiLannister #lenaheadey #Stamps #GameofThrones ",ns
All caught up with Game of Thrones. Waiting for the next season.  #GameofThrones #GoT,ns
"""Lannister &amp; Stark come together as Peter Dinklage &amp; Maisie Williams proudly display their images on stamp"" @Maisie_Williams #aryastark  #tyrionlannister #MaisieWilliams #PeterDinklage #Stamps #GameofThrones ",ns
Poor poor Sansa @ Reddit Freefolk #GameOfThronesFinale #GameofThrones Read it here:  ,ns
Game Of Thrones cast given gigantic stamps as official collection launches in UK  via @MetroUK #stamps #GameofThrones,ns
"You guys hear about this show Game of Thrones?! Just finished it. Its gonna be huge.
#GameOfThrones",ns
Comedy is coming: 'Game of Thrones' parody hits the funny bone  #GameofThrones,ns
#GOT Comedy is coming: 'Game of Thrones' parody hits the funny bone - Orlando Sentinel  #Gameofthrones ,ns
"‚úîCheck out ALL my boob gifs from Game of Thrones! #NathalieEmmanuel #GameOfThrones 
 
 ‚Ü™ ‚Ü© ",ns
Nvm. He‚Äôs not. Arya Stark happened to him. #GameOfThrones,ns
The latest on my never-ending game of catch up: I started watching #GameofThrones. There's a lot going on already and too many names to remember. üôÉ,ns
#gay #gay15 #gay17 #gay18 #sex #horny #pussy #porn #pussy #hot #GameOfThrones #dick #gay18old #big_dick #fuck I swear if anyone follows me I will send the full video üçëüî•. ,ns
"Above all, trust not the cheesmonger, nor the Spider, nor this little dragon queen you mean to marry #GameOfThrones",ns
Indeed #GameOfThrones ,ns
"How does 2018 feel, knowing there's no #Gameofthrones this year....",ns
"Scene 02
""My reign has just begn""
#pixelartTV #GameOfThrones #Khaleesi
Prints available here:
 ",ns
"Scene 06:
""Go now! Leave!""
#pixelartTV #pixelart #JonSnow #GameOfThrones 
Prints available here:
 ",ns
"""A notable contrast"" #gameofthrones #got ",ns
I forgot how excited I was when Sansa and Arya gave Little Finger what he had coming to him #GameOfThrones,s
'It's a Very Shallow Industry': Game of Thrones' Maisie Williams on Hollywood's Stereotyping Problem  #GameofThrones ,ns
Many parallels. The first two started a war. Maybe the other two could end it? #GameOfThrones ,ns
"Anyone heard of this new show ... ‚ÄòGame of Thrones‚Äô?!

... know if it‚Äôs any good?

A friend is trying to get me to watch it.

#GOT #GameOfThrones",ns
"In the game of thrones you either win or you die.
#KyloRen #GoT #StarWars #TheForceAwakens #TheLastJedi #GameOfThrones #Reylo ",ns
Jon Snow brought an ice zombie to Cersei like he was presenting a 7th grade science fair project. Just bring a baking soda volcano next time bruh. #GameOfThrones,s
Promo for January 26th  via @YouTube #Trivia #GameOfThrones #GOT,ns
Excited to share the latest addition to my #etsy shop: Game of Thrones Pogs Milkcaps Custom Made New Complete Set of 8 Pogs Rare TV  #toys #pogs #milkcaps #traditional #fun #boardgames #gameofthrones #television ,ns
I told Keri Myers Murcray that it was so cold in our house that the #GameofThrones Night King came into our... ,ns
It‚Äôs a @GameOfThrones kinda nightüç∑-you know nothing John Snow #GameOfThrones,ns
#portrait #painting in progress of #gameofthrones #frontier #aquaman #conan #actor @PrideofGypsies @JasonMomoaNews #art by #thomasdelohery ,ns
7) Jaime &amp; Brienne #Braime #Lannistarth #GameOfThrones ,ns
@trentslatts A bit like those people who are proud to announce ghdy don't watch #GameOfThrones,ns
When someone takes credit for your work #GameOfThrones ,ns
Just realized I still haven't watched the new #Punisher on Netflix! Now I have that AND #GameOfThrones while I'm off on recovery. STOKED!,ns
"#Britannia (Ep 1) has #GameOfThrones written all over it. The most striking ""copy"" is their version of Arya. üòÇ",ns
Winter is cumming @leeroymyers #woodrocket5thbirthdayparty #GameOfThrones #gameofbones ,ns
"Games of Thrones Winter is Coming T-Shirt
 #gameofthrones #gameofthronesfamily  ",ns
"My ""Ice and Fire"" artwork #GameofThrones ",ns
"She had put despair and fear aside, as if they were garments she did not choose to wear. #GameOfThrones",ns
Game of Thrones Season 7: My Complete Guide #GameOfThrones ,ns
"Relisted! I Drink More Wine Than Tyrion Lannister 2.25"" Pinback Button:  #Cosplay #Pin #Button #Button #FanArt #GameOfThrones #Mewtique ‚ù§",ns
Great answer: Why does Peter Dinklage's name appear first in the opening credits?  #gameofthrones,ns
"Kick  back and relax for this MEGA-SEZED episode covering #GameOfThrones S2E9 ""Blackwater""!  We break it all down in full detail for you and have a lot of fun in the process!  With love, Ser Duncan and Lady Kristin ",ns
"Worth 

Visit our Game of Thrones Store: 

#GoT #gameofthrones #gameofthronesfa ... ",ns
I will die happy if I can watch One just One episode of #GameOfThrones with #LeslieJones @lessdoggg @GameOfThrones #ThursdayThoughts ,ns
"""Did anyone else feel this way about tonight's episode? S2.08"" #gameofthrones #got ",ns
"Love the art work from @naolito  Really makes a great imagery for loving your enemies.
#love #loving #zelda #lordoftherings #gameofthrones #starwars #Batman #mario #nintendo #dccomics #faithandfandom ",ns
"I'm a fucking lil' bitch for #GameOfThrones üëë
A Virgil spaghetti fag , tenfold",ns
"Indian reviewers (most aren‚Äôt worthy of being called critics): Ermagerd, all hail #GameOfThrones! The blatant racism, sexism, &amp; misogyny in it is just reflective of the period it is set in.

Also Indian reviewers: Ugh, how can you show jauhar in #Padmaavat! So regressive! Shame! ",ns
Tyrion approves of the #GameofThrones Stamp Collection. #nerdalert #royalmail @its_sara_g_here Ned! #winteriscoming ‚ùÑ  ,ns
Tyrion approves of the #GameofThrones Stamp Collection. #nerdalert #royalmail its_sara_g_here‚Ä¶ ,ns
I‚Äôm really sad that #GameOfThrones season 7 only has 7 episodes. What am I to do until 2019??,ns
Random Mixed Edits..Kittu and her Favorite GOT character Cersei Lannister.. #GameofThrones üòòüòò ,ns
Let the games begin @_taylorgrasse üòÇüòÇüòÇ #gameofthrones #suitableforeverything ,ns
Daddy Issues  @starwars @GameOfThrones @HamillHimself #PeterDinklage #StarWars #gameofThrones ,ns
Daddy Issues  @starwars @GameOfThrones @HamillHimself #PeterDinklage #StarWars #gameofThrones ,ns
Ghost waiting for screen time @ Reddit Freefolk #GameOfThronesFinale #GameofThrones Read it here:  ,ns
I did warn you not to trust me @ Reddit Freefolk #GameOfThronesFinale #GameofThrones Read it here:  ,ns
"Westeros Lockscreen// if you want it:
‚Ä¢Follow me
‚Ä¢Retweet this twitt
And I'll send it to you 
#GameOfThrones ",ns
"Half listening to NPR in the car yesterday, I heard the words ""Trump"", ""Meeting"" and ""Davos"" over and over and thought, ""Oh thank the seven, something is finally going to get sorted out."" Today, actually read the news; that's not what's up #GameOfThrones @GofTNews",ns
Perhaps an unpopular opinion but there‚Äôs too much #Greyjoy plot in #afeastforcrows #GameOfThrones #teamsansa,ns
"I have never been nothing. I am the blood of the dragon. - Daenerys Targaryen

#gameofthrones ",ns
"I'm hoping for a #GameofThrones spinoff called Daenerys' Dragon Race.
Contestants #cosplay as slinky dragons while lip-synching diva ballads.
Losers are told #WinterIsComing &amp; are fed to #WhiteWalkers by Dany &amp; Jon.
Arya keeps a hit list of contestants who cheat or are off-key. ",ns
#GameofThrones Wall Decals Mural Decor Game of Thrones Dragon Targaryen Emblem Vinyl Sticker GMO0318  #WindsofWinter ,ns
"She is the üëë Queen
Know her and respect herüòà
#pride #respect  #greatness 
#gameofthrones üòçüòé ",ns
Re-re-re-re-re watching @GameOfThrones  #GameofThrones #bingewatch,ns
But did he get his castle though? #GameOfThrones ,ns
"It's interesting in #GameofThrones how characters say they were taught to ""talk proper"", when the irony is ""talk properly"" would in fact be the proper phrase. #Adverbs",ns
Sansa and Bran Stark are reunited at the #GameOfThrones season 7 premiere @SophieT ,ns
"@robcesternino @roundhoward @PostShowRecaps Will you guys be tracking the old ""Roose  Change: The Lannister honeypot theory"" with Talisa and her letters?  It was compelling at the time. Great YOUTUBE videos. #postshowrecaps #GoT #GameOfThrones",ns
All this news of #Davos is really making me miss #GameofThrones,ns
"#GameOfThrones actor #SeanBean has joined the cast of #SkyTV 's new racing #drama #Curfew, but which blockbuster series has it already been compared to? Find out here  ",ns
"At the World Economic Forum in Davos, @AdelAljubeir said that Saudi Arabia is ""Light"" and Iran is ""Darkness"" and then added that ""Light prevails over darkness."" His Excellency Saudi Minister of Foreign Affairs needs to take it a bit easy on ""#GameOfThrones"" these days.",ns
"Depends how the story ultimately pans out, but I still contend Hodor‚Äôs sacrifice for humanity was greater than Christ‚Äôs. #ASOIAF #GameOfThrones",ns
"I belong to the 1% of the population that has never seen #GameOfThrones.

One question: Is it worth it?",ns
How #GameOfThrones would it have been if they made Hard Sun the finale series of #Luther that would have been mental. #HardSun,ns
Finally these two arrived today #BladeRunner2049 #GameOfThrones S7 #4K #Bluray ,ns
"Been a good couple of weeks of #GameofThrones #lcg at labyrinthdc! Plus, the #arkhamhorror mat‚Ä¶ ",ns
"#NerdIsBond #GameOfThrones #Sexy #JonSnow #Costume ... Yes, there's a sexy female ""Northern Queen"" costume from... ",ns
"#ThrowbackThursdays to this enchanting pair in Episode Three @Craaaazyjackie @FatherDeth13 Making the alluring world of Villans look amazing! Watch Subscribe‚¨áÔ∏è

#StarWars #GameOfThrones #cosplayers #darkside #Villain #cersei #DarthVader #Coffee #talk ",ns
"Is the #theChi gonna #NedStark good ole Brandon???? By #GameOfThrones standards, he's too damn nice to make it all the way through S1. ",ns
The anticipation is better than Christmas...  #GameofThrones ,ns
keychain.  #GameOfThrones  #HouseStark #WinterIsComing #HouseTargaryen #FireAndBlood ,ns
#nightking #gameofthrones #mask now #20%off #brandnew #90swindbreaker night kings vacay in Banff‚Ä¶ ,ns
"My tolerance of sports and obsessive infatuation love of game of thrones crossed paths and I met their love child tonight; the tall man that plays for #OklahomaCity, the Oklahoma City thunders? #motherofdragons #kahldrogo #GameOfThrones #stevenadams",ns
Where can I get 50 of these? #GameOfThrones ,ns
Where can I get 50 of these? #GameOfThrones ,ns
I always find it funny that guys are so shocked when they learn women love #GameofThrones too. Women can appreciate dragons and a nice rack too. Emilia Clarke does have the best boobs.,ns
DRAG THESE GIRLS #DAENERYS!!! (Full video on #GameOfThrones here: ) ,ns
Jason Momoa lunches with Lisa Bonet as he reveals #GameOfThrones nearly ruined his career ,ns
Some day Im going to put a sword through your eye and out the back of your skull. #GameOfThrones,ns
#Krypton TV Show Casts #GameofThrones Alum as a Villain!! ,ns
I JUST DIED READING THIS OMFG üôåüèΩ‚ù§Ô∏èüòç #Braime #GameOfThrones #Spoilers #GoTSpoilers ,ns
"When the rains are dry, they call it snow. #Winteriscoming #GameOfThrones #snowfall #snow",ns
#GameofThrones Dark Horse Deluxe Game of Thrones Arya Stark Figure  #WindsofWinter ,ns
Why is Davos Seaworth in Switzerland with all those heads of state? #theonionknight #gameofthrones .@GRRMspeaking .@liamcunningham1,ns
#TheFour4Ô∏è‚É£  is like #GameofThrones you can‚Äôt get use to anyone!! ,ns
"""Modern times Bran and #Hodor"" #gameofthrones #got ",ns
‚ÄúGame of Thrones‚Äù Ending Will Be Bittersweet ‚Äî Peter Dinklage  #CelebrityNews #Bittersweet #ending #GameOfThrones #PeterDinklage,ns
Proud to say I have finally watched #GameOfThrones thank you winter and binge watching,ns
"Ser Loras Tyrell vs The Mountain.

Season 1

#GameOfThrones ",ns
"#GameOfThrones is playing with fire (no pun) making us wait this long for the final season,cause anything less than GREATNESS from every single episode in season 8 and the show will be totally ruined",ns
"""DRACARYS!"".
@VSGalang as #DaenerysTargaryen at #GameOfThrones  #FANART #Vector #vectorart ",ns
"Finally finished making the sigil of House stark . Come visit @Phandeeyar makerspace to craft papers and have fun!

#Direwolf #houseStark #GameofThrones #SizzixEclips2 #Phadeeyar #Makerspace #PaperCraft ",ns
".@IAMLenaHeadey showcasing Cersei's most proudest moment was unfortunately an axed idea..  @RoyalMintUK 

#GameOfThrones ",ns
"Donald Trump is in #Davos.
Arya Stark spent time in #Braavos.

It's kind of hilarious to overhear people talk politics seriously but mix those two cities (1 fictional) up.
#GameOfThrones ü§£",ns
The #GameofThrones cast and crew showed up in style to the 24th Annual Screen Actors Guild Awards. How did they do?  ,ns
"Start watching a game of thrones episode every Sunday and hope when after 67 weeks it is concluded, 8th season will be available in 2018. #GoT #GameOfThrones",ns
Thanks @barhig123 &amp; @GofTNews 4 Like #portrait #painting in progress #gameofthrones #frontier #aquaman #actor #jasonmomoa by @TomdeloheryJ,ns
I swear Quinn always falls asleep when we watch The Red Wedding episode and I‚Äôm left to be emotional on my own #gameofthrones,ns
{Archive} My Geeky Playlist!  #lbloggers #geek #firefly #StarWars #HarryPotter #PiratesOfTheCaribbean #LOTR #Community #TBBT #gameofthrones #playlist #thegirlgang @UKBloggers1 @TheGirlGangHQ ,ns
"If you are newly awakening: QAnon and the deep state for Dummies - Check out the song at the end, &amp; you might understand WHO the LORD god is and how they are kicking ass / taking care of business #RomanLaw #GameOfThrones ",ns
"If we do it your way kingslayer, you would win. Were not doing it your way. #GameOfThrones",ns
"Already been done. You failed @HistoryVikings 
#GameOfThrones ",ns
"Me,as I found out the hard way that someone set my alert ringtones to opening notes of #GameOfThrones ""Red Wedding"" ep rendition of ""Rains of Castamere"" on my phone without my knowledge as horrifying prank &amp; it was terrible discovery &amp; it's creepy &amp; disturbing &amp; I'm haunted by it ",ns
#GameofThrones Montegrappa Game Of Thrones Fountain Pen Targaryen Medium  #WindsofWinter ,ns
"‚úîCheck out ALL my boob gifs from Game of Thrones! #SibelKekilli #GameOfThrones 
 
 ‚Ü™   ‚Ü© ",ns
"This week's episode is with #GameOfThrones star @WhelanGemma talking about her death of her father. As ever talking #grief, pregnancy + wailing like a siren.  üíïüíö #death #loss #grieving ",ns
"Available now! Essays on ancient roots of #Tolkien, #HarryPotter, #GameOfThrones, #CSLewis, and more! #ctsfmf  ",ns
Fuck #Merlin on #Netflix. I feel like it‚Äôs just a knock off #GameOfThrones,ns
#BusinessNews: #GameOfThrones #IceHotel am #open in #Finland  ,ns
This is me every single time I think of #GameOfThrones ending... ,ns
"GEEKS: Something I've been contemplating, could Sansa have pulled off with Ramsey what Margaery was in the process of doing with Joffery? Was Ramsey ""worse"" than Joffery? Or was he just older? Could Sansa have pulled a Margaery? #thronesyall #Gameofthrones",ns
"""imp the #walls!!!"" #gameofthrones #got ",ns
"#GameofThrones fans can't escape the long winter, but can make it more palatable with chicken Littlefingers at this Thrones-themed outdoor bar. ",ns
#Accenture acquires @Mackevision the special effects producer behind #GameOfThrones  ,ns
"This is why I take random walks, to find gems like these. #walks #inspiration #gameofthrones‚Ä¶ ",ns
#SirJack strikes again. Poor Dragon Queen. #catsofinstagram #gameofthrones #funkopop ,ns
"Here's Hype #175 in which we talk #GoldenGlobes, #BlackPanther, #BigLittleLies, #The100, #GameofThrones, #Runaways and much more! Listen: ",ns
How did this little guy get in my room? üëÄ #GameOfThrones http://t.co/MM9K4DlTUV,ns
@yoru_prince it‚Äôs like #GameofThrones; love no one and (your heart will barely) prosper.,ns
Said Khaleevee is Danying it up! Y'all she so talented! See @NicoleEeveeD work! #GameofThrones  ,ns
Season 8 of #GameOfThrones is still so far away but there's already rumours about the opening scene:  ,ns
I find it sad that casting directors didn‚Äôt cast #JasonMomoa after #GameOfThrones cause they thought he didn‚Äôt speak English. I remember him from Stargate Atlantis.,ns
@crystal_martin9 Belle and Margaery would love it #GameOfThrones #tyrellaesthetic,ns
In my defense my dad was a mailman and collected stamps..he was always bringing home the new release...But I think my GOT Stamps will top them all!! #GameOfThrones ,ns
Sandor Clegane aka ‚ÄòThe Hound‚Äô From #GameOfThrones as a Crocheted Doll  ,ns
"Let it snow.

#jonsnow #youknownothingjonsnow #housestark #gameofthrones #got #jonstark‚Ä¶ ",ns
@thehill Who gave him the right to become a US citizen and why? We need to build a big ice wall in the north and send him as #blackwatch #GameOfThrones,ns
Did they really say FUCK so much in that time period? #GameOfThrones,ns
"I‚Äôm about halfway through Season 4 of #GameofThrones, and I‚Äôm losing the will to continue. Without Robb Stark, is it even worth watching anymore?",ns
"@HBO_UK @Maisie_Williams @SophieT Tomorrow is my teacher's birthday and she loves Game of Thrones and Jon Snow so I decided to write this on her board
#snow #got #jonsnow #draw #art #school #GameOfThrones ",ns
"@HBO Tomorrow is my teacher's birthday and she loves Game of Thrones and Jon Snow so I decided to write this on her board
#snow #got #jonsnow #draw #art #school #GameOfThrones ",ns
"Tomorrow is my teacher's birthday and she loves Game of Thrones and Jon Snow so I decided to write this on her board
#snow #got #jonsnow #draw #art #school #GameOfThrones ",ns
Emilia is a real life khaleesi with her dragon animoji  #emiliaclarke #GameofThrones,ns
Only a man whos been burned knows what hell is truly like. #GameOfThrones,ns
The latest On the Edge!!  #gameofthrones,ns
Don‚Äôt hate me but I‚ù§Ô∏è the hound #GameOfThrones,ns
My husband is playing Ark &amp; he came back to all of his dinosaurs dead at his base... all but one. His pansy ass swam to a nearby island. Thus I felt he needed to re-name the lone survivor Theon Greyjoy @TheonGreyjoyGOT. #ArkSurvivalEvolved #GameOfThrones,ns
We‚Äôll hold on what about Stalin and idi amin or bill Clinton or Joffrey from #GameOfThrones ,ns
Almost every #GameofThrones season 8 episode will be directed by the Red Wedding and Battle of the Bastards creators  ,ns
my twitter settings for the next seven weeks #GameOfThrones ,ns
Steph fam #gameofthrones #dethronehim ,ns
My book nerd cravings are being satisfied! ‚ù§üòç #gameofthrones #asongoficeandfire,ns
Want them all! ü§© #GameOfThrones ,ns
Battle of the bastards #GameOfThrones,ns
#IShouldntSayThisAloudBut #GameOfThrones seems kinda boring...,ns
"@caitrionambalfe @SamHeughan I thought you guys worked on #Outlander, not #GameOfThrones. #WinterIsHere!",ns
Lord Commander Lyanna Royce at your service! #Got #GameOfThrones #WhatsYourGoTName ,ns
@CNN Ser Davos Seaworth from Game of Thrones? #gameofthrones,ns
"@Marie33Gaines Yayyyy!!!! I am so glad that you love love LOVE  it! This is Us is clearly one of my favorite t.v. shows, besides Game of Thrones and Outlander! #ThisIsUs #GameOfThrones #Outlander 

Kleenex is a must.. future tears for you my dear friend! ‚ô°‚ô° ",ns
Want an EPIC #GameOfThrones experience? Check out @WinterfellTours!  @TourismIreland #tourismni @discoverNI @Media_IrelandUS ,ns
Realism drawing of Margaery from Game of Thrones for my final art exam :) I love Natalie dormer My class didn't know who she was but my got full marks :D  #gameofthrones #nataliedormer #margaerytyrell ,ns
The latest The Game Of Thrones Fans Daily!  #gameofthrones,ns
"I'd rank my favorite actor/character #PeterDinklage as #TyrionLannister higher but I generally agree with this list. The best actors on '#GameofThrones,' ranked  via @EntInsider @IAMLenaHeadey @nikolajcw and #AlfieAllen as #TheonGreyjoy are the best imho.",ns
Watching #GameOfThrones üíõ,ns
Sandor Clegane (The Hound) From #GameOfThrones as a Crocheted Doll  ,ns
The latest Driver CPC Training!  #gameofthrones #tidepodschallenge,ns
"Ok, who do I know in the UK that can mail me some #GameOfThrones stamps?",ns
#gameofthrones moment ,ns
"And how many kids did Joffrey Baratheon mother have? 
How is she Queen?  
Who was Cersei Lannister¬†husband?  Was that the father of her kids ? Was she wanting to marry her own sons? 
.... #GameOfThrones has officially become confusing to me.
Too much mix-up.
Too many names",ns
"Its not easy being drunk all the time. If it were easy, everyone would do it. #GameOfThrones",ns
Send a raven - #GameofThrones stamps are out today! Get yours here:  ,ns
Time Flies! @ Reddit Freefolk #GameOfThronesFinale #GameofThrones Read it here:  ,ns
There's got to be some type of magic for Theon right? @ Reddit Freefolk #GameOfThronesFinale #GameofThrones Read it here:  ,ns
The most perfect ending to Season 8 Game of Thrones: Unlimited fermented crab for the realm @ Reddit Freefolk #GameOfThronesFinale #GameofThrones Read it here:  ,ns
#Vikings Crossover? #GameOfThrones ,ns
"2 years later at #RanchoIndalo, the #shootinglocation of #TowerOfJoy, a #gameofthrones #fanfilm,‚Ä¶ ",ns
Sandor Clegane aka ‚ÄòThe Hound‚Äô From #GameOfThrones as a Crocheted Doll  ,ns
The #GoT portraits continue with @IAMLenaHeadey as #cersei. Painted on #iPadPro with @AdobeDrawing app #adobedraw. This was challenging but really enjoyable to do! #ipadart #GameOfThrones ,ns
"And now my watch begins #2018 #GameOfThrones @GameOfThrones 
Reading material till the final season ",ns
[ #GameOfThrones ] The Loot Train Attack by Robert Simon ,ns
"Ngl y‚Äôall should watch Game of Thrones, I see parallels with Frank and The Hound. Both worked for the wrong people at the beginning are great at killing people lol 
#ThePunisher #GameofThrones",ns
How Game of Thrones nearly killed Jason Momoa's career  #GameofThrones ,ns
"The #RedWitch is now in Davos. Sounds like a #GameOfThrones reference, doesn't it?",ns
I have ever watched one episode of #gameofthrones,ns
Sandor Clegane aka ‚ÄòThe Hound‚Äô From #GameOfThrones as a Crocheted Doll  ,ns
Did the Release Date for Winds of Winter get Leaked? - Game of Thrones News  via @YouTube New Video HYPE! #WindsofWinter #GameofThrones,ns
Finally watched series 7 of Game of Thrones. Amazing!! Series 8 right now please #GameOfThrones,ns
"#GameOfThrones #music cover, fell free to RT if you like, and yes there is a little theme bonus at the end #nootnoot #guitar #piano #mandolin #hodor  ",ns
"Daenerys Targaryen, is that you??!! üò±
@KatherynWinnick @emiliaclarke @HistoryVikings @GameOfThrones #Vikings #GameOfThrones ",ns
