pad_token,0
#gameofthrones,1
#got,2
game,3
thrones,4
season,5
not,6
will,7
like,8
when,9
now,10
jon,11
time,12
one,13
8,14
ï¸,15
got,16
ğŸ˜‚,17
series,18
@gameofthrones,19
new,20
via,21
get,22
episode,23
love,24
watch,25
know,26
no,27
watching,28
#gots7,29
#jonsnow,30
winter,31
2019,32
first,33
snow,34
best,35
daenerys,36
see,37
#hbo,38
maisie,39
read,40
stark,41
#winteriscoming,42
williams,43
#winterishere,44
coming,45
show,46
would,47
think,48
end,49
7,50
king,51
night,52
dragon,53
us,54
lannister,55
arya,56
going,57
tyrion,58
back,59
ice,60
#gameofthronesfinale,61
reddit,62
star,63
dragons,64
after,65
fans,66
2,67
ğŸ˜,68
tv,69
want,70
never,71
cersei,72
freefolk,73
peter,74
dinklage,75
final,76
â¤,77
next,78
check,79
much,80
#daenerystargaryen,81
still,82
come,83
last,84
wait,85
life,86
vs,87
1,88
ever,89
finally,90
day,91
made,92
people,93
fan,94
could,95
good,96
dany,97
targaryen,98
ğŸ˜­,99
#got7,100
cast,101
go,102
should,103
rt,104
every,105
3,106
#thestormisuponus,107
really,108
says,109
great,110
@youtube,111
then,112
today,113
need,114
fire,115
take,116
make,117
year,118
white,119
april,120
ğŸ”¥,121
#starwars,122
perfect,123
r,124
character,125
#maga,126
queen,127
sansa,128
#gameofthronesfamily,129
throne,130
house,131
man,132
video,133
look,134
#emiliaclarke,135
#nwo,136
before,137
spoilers,138
live,139
until,140
news,141
#kitharington,142
hbo,143
4,144
song,145
right,146
book,147
wall,148
set,149
wedding,150
latest,151
stamps,152
#asoiaf,153
while,154
long,155
#thestormiscoming,156
little,157
8:,158
scene,159
@maisie_williams,160
well,161
also,162
2018,163
theme,164
even,165
way,166
hotel,167
5,168
please,169
6,170
#releasethememo,171
better,172
drama,173
#sagawards,174
westeros,175
battle,176
#art,177
â„,178
north,179
work,180
#stark,181
dead,182
let,183
thing,184
episodes,185
said,186
iron,187
start,188
@hbo,189
things,190
reveals,191
find,192
say,193
amazing,194
winterfell,195
die,196
seen,197
world,198
many,199
awards,200
already,201
win,202
looks,203
watched,204
gonna,205
lol,206
favorite,207
characters,208
finished,209
two,210
davos,211
#got8,212
thought,213
#johnsnow,214
#daenerys,215
music,216
red,217
everyone,218
seasons,219
may,220
oh,221
awesome,222
emilia,223
filming,224
waiting,225
name,226
someone,227
return,228
happy,229
always,230
shows,231
another,232
#jonerys,233
thanks,234
seven,235
release,236
real,237
feel,238
#internetbillofrights,239
premiere,240
#gotseason7,241
share,242
beautiful,243
anyone,244
#windsofwinter,245
figure,246
drogon,247
visit,248
art,249
inspired,250
nothing,251
jaime,252
part,253
actor,254
yet,255
daily,256
everything,257
omg,258
#winterfell,259
kill,260
#housestark,261
ğŸ™Œ,262
sophie,263
far,264
week,265
pop,266
â€“,267
plot,268
getting,269
together,270
lord,271
#peterdinklage,272
full,273
ğŸ‰,274
ready,275
second,276
big,277
million,278
must,279
ensemble,280
list,281
month,282
tonight,283
came,284
clarke,285
mother,286
official,287
ending,288
ğŸ»,289
hound,290
done,291
#strangerthings,292
benioff,293
hope,294
#khaleesi,295
#aryastark,296
tell,297
away,298
miss,299
#britannia,300
ğŸ¼,301
heart,302
#harrypotter,303
looking,304
landing,305
brienne,306
#fantasy,307
#cosplay,308
actually,309
since,310
believe,311
years,312
don,313
lady,314
men,315
death,316
something,317
@emiliaclarke,318
true,319
might,320
10,321
ğŸ¤”,322
started,323
give,324
littlefinger,325
play,326
makes,327
performance,328
date,329
jamie,330
#ufc220,331
send,332
ğŸ‘‘,333
almost,334
dark,335
#maisiewilliams,336
hear,337
#davos,338
bran,339
available,340
viserion,341
#gameofthrones8,342
around,343
scenes,344
award,345
film,346
#got7dvd,347
#asongoficeandfire,348
finale,349
ğŸº,350
gameofthrones,351
â€”,352
jason,353
kit,354
revealed,355
join,356
u,357
gets,358
though,359
cool,360
@game0fthronz,361
weiss,362
budget,363
w,364
story,365
keep,366
yes,367
power,368
joffrey,369
mail,370
#snow,371
action,372
returns,373
making,374
family,375
excited,376
else,377
epic,378
â€,379
talking,380
walkers,381
fantasy,382
post,383
favourite,384
@sophiet,385
fucking,386
bad,387
bit,388
hate,389
soon,390
turner,391
experience,392
#tv,393
half,394
war,395
talk,396
george,397
outstanding,398
pretty,399
till,400
fight,401
help,402
âš”,403
ireland,404
won,405
ğŸ˜¢,406
#gameofthroneshbo,407
#thenorthremembers,408
sad,409
t-shirt,410
stunt,411
huge,412
maybe,413
starting,414
15,415
enough,416
fuck,417
wolf,418
without,419
saw,420
#gameofthronesseason8,421
behind,422
sure,423
momoa,424
hold,425
#ntas,426
guy,427
god,428
guys,429
days,430
#fanart,431
stop,432
friends,433
tomorrow,434
here's,435
least,436
binge,437
finland,438
#vikings,439
#stamps,440
beyond,441
martin,442
free,443
special,444
thank,445
#dragon,446
#sansastark,447
women,448
2017,449
didn,450
place,451
#jonsnowlives,452
needs,453
books,454
whole,455
bridesmaid,456
ned,457
hodor,458
enjoy,459
medieval,460
follow,461
alive,462
ğŸ˜©,463
kingdoms,464
loved,465
meet,466
#netflix,467
left,468
ğŸ˜,469
royal,470
#valarmorgulis,471
#jonsnowknowsnothing,472
raven,473
found,474
khaleesi,475
lot,476
#lannister,477
stay,478
ğŸ‘,479
#scifi,480
#westworld,481
top,482
stamp,483
hard,484
#sophieturner,485
king's,486
happened,487
theon,488
b,489
put,490
january,491
old,492
kings,493
#movies,494
released,495
nice,496
lena,497
close,498
three,499
killed,500
youtube,501
history,502
david,503
#breakingbad,504
photos,505
collection,506
box,507
times,508
use,509
#lotr,510
used,511
fun,512
home,513
moment,514
ğŸ¤£,515
face,516
#thewalkingdead,517
shit,518
seeing,519
walker,520
damn,521
#gameofthronesfan,522
complete,523
#jasonmomoa,524
#gameofthrones7,525
wonder,526
per,527
reason,528
playing,529
golden,530
poor,531
themed,532
twitter,533
father,534
script,535
trump,536
girl,537
style,538
#marvel,539
headey,540
army,541
hand,542
woman,543
gone,544
gendry,545
dothraki,546
ser,547
future,548
blood,549
#motherofdragons,550
photo,551
#tyrionlannister,552
knee,553
comes,554
died,555
leak,556
baelish,557
vote,558
movies,559
â™€,560
reading,561
wrong,562
#love,563
pilot,564
door,565
caught,566
wins,567
sword,568
baby,569
trying,570
probably,571
#gots8,572
winds,573
shame,574
harington,575
weekend,576
#gotseason6,577
#startrek,578
incredible,579
television,580
wish,581
ago,582
theory,583
united,584
#funkopop,585
#funko,586
jorah,587
knew,588
career,589
shot,590
gift,591
primetime,592
guess,593
confirmed,594
head,595
#travel,596
#westeros,597
ğŸ˜±,598
went,599
late,600
sorry,601
â­,602
break,603
#the100,604
brought,605
ok,606
stuff,607
tour,608
knows,609
bronn,610
kind,611
@iamlenaheadey,612
northern,613
write,614
fighting,615
locations,616
progress,617
ep,618
once,619
essos,620
hey,621
children,622
rewatching,623
anything,624
chapter,625
version,626
sale,627
guide,628
dragonstone,629
wine,630
understand,631
worth,632
opening,633
told,634
brother,635
18,636
received,637
page,638
walking,639
meets,640
role,641
#portrait,642
try,643
cold,644
#lenaheadey,645
#sportsgossip,646
#finland,647
funny,648
#georgerrmartin,649
opens,650
games,651
friend,652
mind,653
mine,654
concert,655
yeah,656
bastards,657
bend,658
taking,659
wrote,660
lannisters,661
finish,662
starts,663
gifs,664
movie,665
sex,666
black,667
working,668
eyes,669
using,670
okay,671
#news,672
cosplay,673
britannia,674
jonas,675
map,676
review,677
#drawing,678
ğŸ—¡,679
#london,680
#jaimelannister,681
sometimes,682
#dragons,683
9,684
ğŸ¦,685
actress,686
ğŸ˜,687
drogo,688
exposed,689
tormund,690
#aquaman,691
took,692
wants,693
created,694
stars,695
party,696
isn,697
listen,698
khal,699
either,700
bring,701
sunday,702
mountain,703
forward,704
tickets,705
birthday,706
aka,707
air,708
store,709
words,710
forget,711
robb,712
met,713
takes,714
quite,715
emmy,716
nominations,717
fictional,718
site,719
fantastic,720
#painting,721
plus,722
entire,723
hands,724
become,725
spoiler,726
â€¢,727
#targaryen,728
castle,729
mean,730
glad,731
talks,732
cersei's,733
learn,734
question,735
recent,736
rather,737
dies,738
baratheon,739
sister,740
ğŸ’•,741
#doctorwho,742
screen,743
2012,744
shop,745
cannot,746
#trivia,747
reportedly,748
margaery,749
#actor,750
goes,751
missed,752
online,753
remember,754
s7,755
location,756
killing,757
actors,758
#royalmail,759
im,760
loves,761
#sagsentnt,762
#cerseilannister,763
begins,764
according,765
winners,766
gold,767
gods,768
event,769
uk,770
#season8,771
#northernireland,772
bolton,773
water,774
point,775
order,776
clegane,777
boy,778
writing,779
missing,780
prepare,781
tyrell,782
six,783
leaked,784
#youtube,785
#nightking,786
secret,787
exactly,788
cover,789
later,790
chance,791
#thisisus,792
early,793
dream,794
course,795
drafts,796
design,797
bot,798
main,799
answer,800
supporting,801
wight,802
20,803
reunion,804
screenings,805
officially,806
looked,807
halfway,808
different,809
âœ…,810
massive,811
ğŸ‘‰,812
tywin,813
q,814
instead,815
30,816
ask,817
#juegodetronos,818
#tyrion,819
city,820
hurt,821
lost,822
sandor,823
dracarys,824
john,825
heard,826
wanted,827
months,828
based,829
happen,830
weeks,831
fair,832
stand,833
@djawadi_ramin,834
word,835
100,836
spotted,837
#books,838
buy,839
@royalmailstamps,840
bastard,841
reunited,842
#blackpanther,843
truly,844
ğŸš¨,845
#fmovies,846
#olympics,847
skater,848
items,849
wow,850
belfast,851
production,852
#ireland,853
asked,854
drink,855
trust,856
#gaming,857
ruined,858
necklace,859
beginning,860
major,861
#perfection,862
#mebeforeyou,863
#terminatorgenisys,864
#breakfastattiffanys,865
#vfts,866
#spikeisland,867
rewatch,868
#whitewalkers,869
along,870
saying,871
recently,872
ğŸ“º,873
call,874
sam,875
thinking,876
imagine,877
#hodor,878
#frontier,879
@royalmail,880
wars,881
comic,882
tweet,883
related,884
vinyl,885
catch,886
lovely,887
lion,888
link,889
predictions,890
felt,891
#etsy,892
called,893
swords,894
dan,895
greyjoy,896
chaos,897
thinks,898
#potus,899
volkan,900
ramsay,901
leave,902
hot,903
#thegreatawakening,904
14,905
begin,906
ğŸ˜‰,907
light,908
names,909
job,910
loving,911
ğŸ˜Š,912
#thronesyall,913
director,914
credit,915
save,916
ğŸ–¤,917
rsvp,918
edition,919
blog,920
2015,921
#peaceloveandmusic,922
#musicislife,923
person,924
#music,925
couple,926
melisandre,927
sisters,928
âœ”,929
â†ª,930
â†©,931
videos,932
sun,933
ğŸ˜€,934
1st,935
#lordoftherings,936
high,937
crown,938
euron,939
drawing,940
climate,941
super,942
played,943
ğŸ’–,944
badass,945
heartbreaking,946
blue,947
ghost,948
#thewire,949
child,950
doesn,951
concept,952
proud,953
dude,954
giant,955
several,956
sag,957
novels,958
comedy,959
hell,960
pay,961
quiz,962
#medieval,963
spring,964
ended,965
tarly,966
#dubrovnik,967
#gameplay,968
stannis,969
definitely,970
screening,971
trip,972
27,973
ends,974
joe,975
benjen,976
ğŸ¤·,977
ğŸ½,978
crazy,979
given,980
#guitarporn,981
#travellife,982
hours,983
funko,984
painting,985
update,986
#blackmirror,987
cute,988
#gameofthones7,989
meeting,990
picture,991
morning,992
jon's,993
ğŸ’™,994
twist,995
designs,996
holy,997
kids,998
#cersei,999
axe,1000
gives,1001
globe,1002
summer,1003
showrunners,1004
#truedetective,1005
trailer,1006
families,1007
le,1008
iphone,1009
#putlocker,1010
#watchmoviesonline,1011
#fahaddays,1012
#magavsnwo,1013
soundtrack,1014
app,1015
addition,1016
side,1017
kingdom,1018
guest,1019
score,1020
challenge,1021
hit,1022
realm,1023
#ps4,1024
#ironthrone,1025
liked,1026
bitch,1027
grey,1028
ğŸ‘,1029
@realdonaldtrump,1030
average,1031
warm,1032
writers,1033
ğŸ²,1034
#nyc,1035
known,1036
room,1037
@originalfunko,1038
#community,1039
absolutely,1040
explore,1041
robert,1042
feeling,1043
hollywood,1044
problem,1045
mad,1046
#friends,1047
arrived,1048
boob,1049
confirms,1050
decided,1051
ğŸ˜’,1052
#romance,1053
f,1054
starks,1055
seriously,1056
#grammys,1057
walls,1058
able,1059
@grrmspeaking,1060
romance,1061
less,1062
nearly,1063
leaving,1064
details,1065
young,1066
violence,1067
happens,1068
worried,1069
#thecrown,1070
attention,1071
ğŸ˜…,1072
producer,1073
ipad,1074
ğŸ™ˆ,1075
#lost,1076
teases,1077
@tntla,1078
#lavamovies,1079
states,1080
greatest,1081
#arrow,1082
shall,1083
ğŸ’”,1084
#brienneoftarth,1085
respect,1086
fast,1087
@nikolajcw,1088
living,1089
idea,1090
record,1091
bar,1092
ass,1093
wtf,1094
#geek,1095
gotta,1096
iconic,1097
worst,1098
interview,1099
case,1100
strong,1101
card,1102
shirts,1103
mugs,1104
#biglittlelies,1105
straight,1106
including,1107
petyr,1108
mysterious,1109
president,1110
olenna,1111
moments,1112
filmed,1113
â€‹,1114
magic,1115
#illustration,1116
move,1117
alert,1118
#khaldrogo,1119
#handmade,1120
feels,1121
#quotes,1122
ladies,1123
nomination,1124
clue,1125
ğŸ˜³,1126
podcast,1127
eight,1128
estimated,1129
2007,1130
longer,1131
2011,1132
opened,1133
#thehound,1134
#whitewalker,1135
august,1136
#123movies,1137
#hulu,1138
#yesmovies,1139
#cracker,1140
#yidio,1141
#m4ufree,1142
lyanna,1143
team,1144
brothers,1145
learned,1146
fake,1147
ğŸ˜„,1148
others,1149
finger,1150
tarth,1151
sean,1152
window,1153
ğŸ‘Œ,1154
@lovegwendoline,1155
prince,1156
deaths,1157
facebook,1158
#facebook,1159
storm,1160
#television,1161
la,1162
universe,1163
week's,1164
shooting,1165
surrounded,1166
@quidd,1167
near,1168
fact,1169
became,1170
#hotel,1171
cases,1172
#croatia,1173
returning,1174
#sansa,1175
n,1176
#photography,1177
large,1178
simply,1179
lets,1180
#sketch,1181
rip,1182
reaction,1183
taken,1184
past,1185
price,1186
#usa,1187
eye,1188
literally,1189
safe,1190
fall,1191
#season7,1192
da,1193
#wonderwoman,1194
parts,1195
cave,1196
include,1197
expect,1198
congratulations,1199
jashykins,1200
#fanfic,1201
pack,1202
dubrovnik,1203
multiple,1204
croatia,1205
beat,1206
#gomovies,1207
#watchfree,1208
#freemoviesonline,1209
co-executive,1210
#got6,1211
short,1212
info,1213
terrible,1214
artist,1215
care,1216
click,1217
#jewelry,1218
â™¥,1219
relationship,1220
#arya,1221
journey,1222
add,1223
honor,1224
stone,1225
lapland,1226
mug,1227
letters,1228
#gameofgames,1229
yesterday,1230
burn,1231
ğŸ˜,1232
sweet,1233
listening,1234
#tvshows,1235
biggest,1236
celebrate,1237
#tvtag,1238
poster,1239
tuesday,1240
cause,1241
giving,1242
third,1243
sleep,1244
@discoverni,1245
#theflash,1246
notes,1247
â™‚,1248
south,1249
mark,1250
#peakyblinders,1251
breaking,1252
sheep,1253
piece,1254
moon,1255
mom,1256
#liamcunningham,1257
#girlpower,1258
lands,1259
ğŸ˜¬,1260
#trump,1261
#game,1262
interesting,1263
tag,1264
ravens,1265
line,1266
sigil,1267
iceland,1268
culture,1269
#winter,1270
change,1271
#jonsa,1272
tried,1273
âœŒ,1274
small,1275
roles,1276
sign,1277
gave,1278
crew,1279
nominated,1280
fine,1281
7pm,1282
robot,1283
#doctorfoster,1284
began,1285
percent,1286
centers,1287
2008,1288
batard,1289
#fargo's,1290
#commentary,1291
#damonlindelof,1292
#danlebatard,1293
#evergreen,1294
#leftovers,1295
#seasonal,1296
#theleftovers,1297
german,1298
#evil_in_high_places,1299
inside,1300
#belfast,1301
reveal,1302
brilliant,1303
#uk,1304
x,1305
eddard,1306
quote,1307
bear,1308
#barcelona,1309
hooked,1310
varys,1311
agree,1312
walk,1313
ramin,1314
djawadi,1315
#gamer,1316
spot,1317
justice,1318
costume,1319
40,1320
plays,1321
nick,1322
plan,1323
space,1324
directed,1325
detail,1326
201,1327
coat,1328
deep,1329
stunning,1330
#digitalart,1331
subscribe,1332
lines,1333
@wicnet,1334
#dynoempire,1335
canada,1336
sense,1337
open,1338
february,1339
forgot,1340
hair,1341
welcome,1342
ğŸ’¥,1343
#katyperry,1344
steel,1345
number,1346
marriage,1347
#Ù‚ÙŠÙ…_Ø§ÙˆÙ_Ø«Ø±ÙˆÙ†Ø²,1348
explains,1349
girls,1350
#padmaavat,1351
bed,1352
novel,1353
murder,1354
american,1355
rights,1356
discussing,1357
married,1358
fav,1359
50,1360
60,1361
class,1362
c,1363
#fanfiction,1364
ones,1365
bittersweet,1366
trending,1367
enjoying,1368
ğŸ¬,1369
pit,1370
ladder,1371
â¬‡,1372
ramsey,1373
total,1374
minutes,1375
bond,1376
â˜º,1377
changes,1378
#sagawards2018,1379
#lyrics,1380
#ozee,1381
#girlswithgoals,1382
#powersandprinciplities,1383
#superhero,1384
ğŸ‘¸,1385
shares,1386
park,1387
#collect,1388
icymi,1389
winning,1390
pre-order,1391
eighth,1392
events,1393
#braime,1394
pregnant,1395
dance,1396
sir,1397
important,1398
intro,1399
single,1400
pics,1401
#voicefromthestone,1402
incest,1403
basically,1404
faces,1405
feb,1406
hilarious,1407
l,1408
step,1409
apart,1410
setting,1411
telling,1412
wife,1413
happening,1414
seaworth,1415
los,1416
debut,1417
#getglue,1418
knight,1419
realized,1420
ğŸ˜ˆ,1421
#lbloggers,1422
#thegirlgang,1423
#history,1424
hero,1425
sounds,1426
sky,1427
viewing,1428
instagram,1429
means,1430
exclusive,1431
#cryptocurrency,1432
#technology,1433
currently,1434
islands,1435
test,1436
#series,1437
famous,1438
cat,1439
fave,1440
cards,1441
dress,1442
acting,1443
producers,1444
rest,1445
coloring,1446
#coloringbook,1447
striking,1448
#davos2018,1449
noble,1450
citadel,1451
chair,1452
key,1453
keeps,1454
popular,1455
english,1456
#popculture,1457
dad,1458
evening,1459
de,1460
amazon,1461
matter,1462
@goftnews,1463
limited,1464
letter,1465
four,1466
zombie,1467
although,1468
composer,1469
variety,1470
quest,1471
ğŸ˜®,1472
terrific,1473
painted,1474
hour,1475
explain,1476
body,1477
luck,1478
james,1479
theories,1480
treason,1481
âœ¨,1482
original,1483
accused,1484
alone,1485
cravetv,1486
#twd,1487
ğŸ™,1488
members,1489
minute,1490
#smallyoutuberarmy,1491
17,1492
#7x06,1493
east,1494
development,1495
#dc,1496
@volkan_oezdemir,1497
#rihanna,1498
#jayz,1499
#beyonce,1500
wights,1501
mormont,1502
rumors,1503
@sagawards,1504
ordered,1505
money,1506
drinking,1507
slip,1508
wondering,1509
whether,1510
gillen,1511
ring,1512
select,1513
#drogon,1514
ya,1515
samwell,1516
#gamersunite,1517
drops,1518
quick,1519
strength,1520
#quote,1521
ğŸ’—,1522
showing,1523
raise,1524
jan,1525
ranked,1526
hahaha,1527
lake,1528
netflix,1529
rose,1530
villain,1531
spoils,1532
quotes,1533
8th,1534
@ukbloggers1,1535
@thegirlganghq,1536
monday,1537
bigger,1538
portrait,1539
fbi,1540
state,1541
current,1542
#entertainment,1543
hype,1544
swear,1545
mrs,1546
#cafepress,1547
#dynowatch,1548
#blockchainrevolution,1549
bloody,1550
support,1551
storyline,1552
edit,1553
remembers,1554
s8,1555
friday,1556
folks,1557
continues,1558
#artwork,1559
#direwolf,1560
blackwater,1561
hoping,1562
comment,1563
#bingewatching,1564
frey,1565
doctor,1566
".
.",1567
choose,1568
arrival,1569
#grrm,1570
templar,1571
born,1572
@skyatlantic,1573
tom,1574
ğŸ’“,1575
lives,1576
kinda,1577
eat,1578
daughter,1579
#clue,1580
accurate,1581
weapons,1582
front,1583
content,1584
cunningham,1585
#jorahmormont,1586
gorgeous,1587
#queen,1588
slowly,1589
ğŸ‘€,1590
weird,1591
trivia,1592
3d,1593
run,1594
burning,1595
turner's,1596
cc,1597
produce,1598
subtitles,1599
djawadi_ramin,1600
anymore,1601
@nowtv,1602
among,1603
discuss,1604
emotional,1605
download,1606
central,1607
".
.
.",1608
#veep,1609
#stamp,1610
perform,1611
hated,1612
pictures,1613
act,1614
random,1615
night's,1616
#thesopranos,1617
crows,1618
parody,1619
#dccomics,1620
rains,1621
clearly,1622
wic,1623
p,1624
deserve,1625
kiss,1626
#sherlock,1627
featuring,1628
author,1629
divisive,1630
deal,1631
seventh,1632
familiar,1633
foster,1634
shook,1635
#soloastarwarsstory,1636
@monitor_sur,1637
#lookingfornews,1638
bombshells,1639
queens,1640
chronicles,1641
icy,1642
#avengers,1643
herdotie,1644
cocacolaie,1645
spots,1646
husband,1647
responds,1648
title,1649
discovered,1650
forever,1651
co-star,1652
worse,1653
#dnd,1654
type,1655
#guitar,1656
@skyuk,1657
#thronefest,1658
additional,1659
beauty,1660
ğŸ’,1661
j,1662
goals,1663
winner,1664
quality,1665
bean,1666
easy,1667
marathon,1668
#lapland,1669
h,1670
lead,1671
#lol,1672
on-set,1673
enormous,1674
#artist,1675
sexy,1676
mood,1677
saturday,1678
@historyvikings,1679
ğŸ·,1680
lesson,1681
study,1682
fate,1683
max,1684
performances,1685
obvious,1686
named,1687
aegon,1688
freaking,1689
unless,1690
castamere,1691
angeles,1692
shock,1693
pm,1694
due,1695
hurry,1696
egg,1697
ğŸ›¡,1698
enemy,1699
totally,1700
#comiccon,1701
#beer,1702
turn,1703
âš¡,1704
#free,1705
executive,1706
christmas,1707
attack,1708
shoot,1709
withdrawal,1710
background,1711
joins,1712
race,1713
wood,1714
fear,1715
nights,1716
#retweet,1717
walks,1718
binging,1719
easily,1720
purchase,1721
sit,1722
#adventure,1723
kid,1724
#outlander,1725
#ulstermuseum,1726
artwork,1727
ğŸ˜”,1728
modern,1729
princess,1730
serious,1731
weather,1732
#peÃ±iscola,1733
enchantingly,1734
ğŸ˜²,1735
#tvseries,1736
featured,1737
meant,1738
bro,1739
sick,1740
postage,1741
posters,1742
shirt,1743
#songoficeandfire,1744
reminds,1745
historical,1746
report,1747
#redwedding,1748
deserves,1749
#walkingdead,1750
#disappointmein4words,1751
pregnancy,1752
#fridayfeeling,1753
mars,1754
ygritte,1755
ğŸ˜«,1756
foreshadowing,1757
regarding,1758
board,1759
visiting,1760
cost,1761
heir,1762
naked,1763
hoodie,1764
con,1765
honestly,1766
#nerd,1767
university,1768
#cinema,1769
cant,1770
@ebay,1771
ğŸ˜‘,1772
congrats,1773
campaign,1774
science,1775
warrior,1776
creators,1777
promo,1778
ğŸ˜˜,1779
#drama,1780
horse,1781
boring,1782
asoiaf,1783
lie,1784
largest,1785
throw,1786
june,1787
haha,1788
star's,1789
goodbye,1790
pic,1791
pencil,1792
antrim,1793
fix,1794
#kinginthenorth,1795
#olicity,1796
middle,1797
dramatic,1798
@variety,1799
ã€Œ,1800
ã€,1801
#hiphop,1802
@edsheeran,1803
arc,1804
dressed,1805
â¬†,1806
@ilovenorthcoast,1807
paul,1808
fentz,1809
brings,1810
dreams,1811
sets,1812
inspiration,1813
irish,1814
#scotland,1815
cake,1816
suggests,1817
snow's,1818
@pinterest,1819
photoshoot,1820
donald,1821
period,1822
#tormund,1823
#valarmorghulis,1824
cry,1825
pledge,1826
catelyn,1827
powerful,1828
fox,1829
truth,1830
#wine,1831
stranger,1832
memes,1833
diana,1834
isaac,1835
lies,1836
seems,1837
low,1838
:d,1839
leslie,1840
lying,1841
pure,1842
rock,1843
couldn,1844
ship,1845
#gamedev,1846
hannity,1847
smh,1848
wind,1849
broken,1850
finding,1851
london,1852
@tomdeloheryj,1853
couch,1854
krypton,1855
premieres,1856
houses,1857
25,1858
#tshirt,1859
channel,1860
updates,1861
missandei,1862
lived,1863
show's,1864
business,1865
squad,1866
gifts,1867
thoughts,1868
freedom,1869
street,1870
turned,1871
saved,1872
calling,1873
rings,1874
dont,1875
#amazon,1876
k,1877
sitting,1878
outside,1879
#startrekdiscovery,1880
parents,1881
mystery,1882
streaming,1883
@dailybrian,1884
bunch,1885
seem,1886
travel,1887
premiered,1888
weekly,1889
#strangerthings2,1890
airs,1891
guardian,1892
surprise,1893
yara,1894
needed,1895
included,1896
decide,1897
violent,1898
battles,1899
effects,1900
possible,1901
#comedy,1902
rewrite,1903
glass,1904
#harleyquinn,1905
liam,1906
#jamielannister,1907
azor,1908
sketch,1909
#supernatural,1910
thread,1911
magazine,1912
ğŸ’ª,1913
ğŸ‘‡,1914
marry,1915
@netflix,1916
continent,1917
ğŸ‰,1918
obviously,1919
apparently,1920
earth,1921
lots,1922
nobody,1923
dr,1924
wanna,1925
#residentevil,1926
vibes,1927
shocked,1928
#valentinesday,1929
presentation,1930
wig,1931
chains,1932
themes,1933
trial,1934
#instagram,1935
likes,1936
brand,1937
#prisonbreak,1938
referring,1939
tone,1940
social,1941
knowing,1942
enemies,1943
aren,1944
#icehotel,1945
continue,1946
sons,1947
#rickandmorty,1948
hedges,1949
2016,1950
grand,1951
shown,1952
reflects,1953
hoes,1954
#quotecodes,1955
pick,1956
vikings,1957
#podernfamily,1958
dawn,1959
#gameofthones,1960
#gameofthronesfanart,1961
spain,1962
office,1963
#fashion,1964
@thisgrayarea,1965
#releasethedocuments,1966
pieces,1967
planning,1968
slave,1969
ğŸ˜›,1970
ãƒ»,1971
ross,1972
entirely,1973
hello,1974
#teenwolf,1975
#twitter,1976
af,1977
#themountain,1978
pose,1979
van,1980
recorded,1981
mash,1982
bow,1983
prequels,1984
#movie,1985
reception,1986
gozo,1987
arya's,1988
adaptation,1989
martin's,1990
dilly,1991
charges,1992
surprised,1993
thebestofirl,1994
#pckc,1995
jamie's,1996
annoying,1997
pair,1998
aside,1999
amazon's,2000
musical,2001
ğŸ˜‹,2002
extra,2003
tree,2004
exciting,2005
#manchester,2006
#england,2007
#jaimexbrienne,2008
aidan,2009
12,2010
eyeing,2011
anybody,2012
company,2013
bought,2014
indian,2015
pissed,2016
everybody,2017
blew,2018
village,2019
tea,2020
noticed,2021
#gamers,2022
#playstation4,2023
grace,2024
rival,2025
ig,2026
littlefinger's,2027
#dracula,2028
surely,2029
#fun,2030
blows,2031
#erotica,2032
playlist,2033
retweet,2034
drop,2035
em,2036
struggled,2037
#fb,2038
#page,2039
across,2040
@iwanrheon,2041
#film,2042
writer,2043
valentine's,2044
realize,2045
women's,2046
#book,2047
teach,2048
@tourismireland,2049
model,2050
survive,2051
shots,2052
ğŸ’€,2053
catching,2054
shallow,2055
#conan,2056
#goldenglobes,2057
#nowplaying,2058
ğŸ˜œ,2059
code,2060
#gilmoregirls,2061
worked,2062
posts,2063
human,2064
pie,2065
#smallyoutuber,2066
@watchersotwall,2067
build,2068
#dragonstone,2069
fucked,2070
#piano,2071
bet,2072
spend,2073
#kingslanding,2074
speak,2075
boss,2076
ğŸ¤“,2077
g,2078
crush,2079
prints,2080
#blockchain,2081
stage,2082
#riverdale,2083
s1,2084
gilly,2085
works,2086
olympics,2087
gyrl,2088
meaning,2089
anyway,2090
process,2091
soldiers,2092
hd,2093
rule,2094
legend,2095
ha,2096
ugh,2097
five,2098
running,2099
3rd,2100
viserys,2101
whilst,2102
tells,2103
account,2104
poll,2105
passing,2106
forth,2107
#magic,2108
1000,2109
#malta,2110
fiction,2111
thousand,2112
vid,2113
ahai,2114
23,2115
xd,2116
8p,2117
putting,2118
uncle,2119
hill,2120
dog,2121
sort,2122
threats,2123
convinced,2124
stupid,2125
proof,2126
guests,2127
november,2128
#thrones,2129
walked,2130
ğŸ“¸,2131
view,2132
spills,2133
season's,2134
stock,2135
debts,2136
geek,2137
thoros,2138
yay,2139
#amreading,2140
#tbt,2141
copy,2142
lovers,2143
crossing,2144
divide,2145
updated,2146
private,2147
unexpected,2148
tees,2149
dumb,2150
mr,2151
bringing,2152
promised,2153
rally,2154
miniseries,2155
#funny,2156
land,2157
#fireandblood,2158
#follow,2159
angry,2160
showrunner,2161
jokingly,2162
suggested,2163
sopranos,2164
middle-earth,2165
tagline,2166
intrigue-filled,2167
#gotstamps,2168
#housetargaryen,2169
classic,2170
#thursdaythoughts,2171
annual,2172
guild,2173
creepy,2174
ancient,2175
lone,2176
#sandorclegane,2177
increase,2178
image,2179
#ygritte,2180
towards,2181
competition,2182
sound,2183
figurine,2184
idiot,2185
arrow,2186
solar,2187
son,2188
mention,2189
climb,2190
â–ª,2191
stream,2192
tweets,2193
#knitting,2194
adds,2195
jesus,2196
disappoint,2197
wonderful,2198
#mrrobot,2199
affect,2200
#starkhanesi,2201
ğŸ˜,2202
unboxing,2203
inc,2204
#wynonnaearp,2205
#mondaymotivation,2206
#gameofthronescosplay,2207
pleased,2208
ğŸ˜†,2209
wildling,2210
printed,2211
#thevampirediaries,2212
ğŸ˜´,2213
hole,2214
shark,2215
257,2216
ğŸ˜ƒ,2217
demanded,2218
hiphop,2219
william,2220
respectively,2221
primary,2222
dany's,2223
sixth-season,2224
roughly,2225
storylines,2226
struggles,2227
elsewhere,2228
malta,2229
morocco,2230
90,2231
acquired,2232
york,2233
wolves,2234
#planetcomicon,2235
spine-chilling,2236
skated,2237
twins,2238
@nickjonas,2239
panic,2240
wallet,2241
real-life,2242
stunts,2243
express,2244
tits,2245
political,2246
moving,2247
25may,2248
14jun,2249
#glasgow,2250
#londonislovinit,2251
ft,2252
speaking,2253
ground,2254
11,2255
school,2256
#thelastjedi,2257
armor,2258
drunk,2259
inspiring,2260
satisfying,2261
everytime,2262
expected,2263
#nataliedormer,2264
pops,2265
23rd,2266
rigg,2267
von,2268
sydow,2269
hang,2270
doubt,2271
disappointed,2272
relive,2273
qanon,2274
wasn,2275
becomes,2276
wear,2277
round,2278
kissed,2279
targaryens,2280
#rpg,2281
julia,2282
geeky,2283
@thrones_memes,2284
nah,2285
#starks,2286
advice,2287
#thepolarexpress,2288
#hartofdixie,2289
#ncis,2290
worm,2291
edited,2292
#bladerunner2049,2293
item,2294
products,2295
#telltale,2296
graphics,2297
â™¡,2298
ğŸŒ¹,2299
sigils,2300
food,2301
stick,2302
#giveaway,2303
9pm,2304
sparrow,2305
#reading,2306
e,2307
fandom,2308
meme,2309
dying,2310
framed,2311
stopped,2312
bio,2313
ed,2314
obsessed,2315
#war,2316
announcement,2317
#demthrones,2318
engaged,2319
songs,2320
2nd,2321
@joejonas,2322
ğŸ“·,2323
#style,2324
addicted,2325
tonight's,2326
1/26,2327
brutal,2328
charles,2329
belongs,2330
growing,2331
brown,2332
hempstead,2333
wright,2334
#krypton,2335
@gotseries_newz,2336
#brittania,2337
#streetart,2338
martell,2339
entrance,2340
studio,2341
absolute,2342
ur,2343
reminded,2344
#fantasyart,2345
somebody,2346
retweeted,2347
entertainment,2348
#iconicladies,2349
#thelosers,2350
#hermione,2351
#boss,2352
amount,2353
ğŸ’š,2354
#king,2355
genre,2356
country,2357
ride,2358
#motleycrue,2359
kills,2360
blind,2361
gif,2362
#roseleslie,2363
print,2364
shae,2365
daniel,2366
twice,2367
ideas,2368
#lessons,2369
#gotfinale,2370
article,2371
pen,2372
pays,2373
changed,2374
#poster,2375
none,2376
grew,2377
prefer,2378
rhaegar,2379
#meme,2380
leggings,2381
heads,2382
stories,2383
convenience,2384
#jorleesi,2385
afternoon,2386
ii,2387
recap,2388
#disney,2389
#crossover,2390
rightful,2391
mashable,2392
politics,2393
breaks,2394
bristol,2395
cabot,2396
circus,2397
@etsy,2398
#socialblockchain,2399
popularity,2400
broke,2401
spinoff,2402
public,2403
#google,2404
today's,2405
pt,2406
foreshadowed,2407
protect,2408
#toyfair2018,2409
youth,2410
bc,2411
march,2412
feature,2413
launches,2414
coolest,2415
funnies,2416
betrayed,2417
#danerystargaryen,2418
proudly,2419
custom,2420
kick,2421
opinion,2422
sticker,2423
drag,2424
spent,2425
#merlin,2426
crocheted,2427
doll,2428
#margaerytyrell,2429
#ipadpro,2430
singing,2431
website,2432
weddings,2433
vacation,2434
similar,2435
#power,2436
#highvalyrian,2437
dc,2438
#photo,2439
helped,2440
eating,2441
intriguing,2442
chilling,2443
ğŸ™„,2444
media,2445
lose,2446
exhibition,2447
Â®,2448
huh,2449
#womensmarch2018,2450
fail,2451
lmao,2452
survives,2453
#iic,2454
#video,2455
glen,2456
exploring,2457
government,2458
father-son,2459
blow,2460
maester,2461
judge,2462
@pictureireland,2463
college,2464
witch,2465
unique,2466
survived,2467
covered,2468
#robot,2469
#etsyshop,2470
prize,2471
#ice,2472
#ntaawards,2473
drawings,2474
#shadowhunters,2475
#kingofthenorth,2476
#hearmeroar,2477
shocking,2478
climactic,2479
increased,2480
#s7,2481
#alternatives,2482
happier,2483
@thedublinernyc,2484
#fidi,2485
witcher,2486
slayer,2487
@azorahype,2488
combat,2489
ğŸ¤˜,2490
flying,2491
spinoffs,2492
#innerspace,2493
#vlog,2494
#ufc,2495
direct,2496
toy,2497
#xmovies8,2498
38,2499
scripted,2500
hugo,2501
peabody,2502
ads,2503
ğŸ°,2504
continents,2505
arcs,2506
azure,2507
ras-id-dwerja,2508
dynastic,2509
realm's,2510
independence,2511
submitted,2512
2009,2513
extensive,2514
re-shoot,2515
directorial,2516
#youtubepartnerprogram,2517
terrors,2518
ğŸ’«,2519
viewers,2520
co,2521
ğŸƒ,2522
happing,2523
skate,2524
#winterolympics,2525
minibots,2526
transform,2527
lazy,2528
constantly,2529
whenever,2530
titles,2531
deserved,2532
feat,2533
foreign,2534
language,2535
becoming,2536
harington's,2537
moves,2538
fuckin,2539
match,2540
titanic,2541
#kent,2542
#liveconcert,2543
#lannistarth,2544
coincidence,2545
wraps,2546
@ew,2547
sentence,2548
calls,2549
form,2550
teaching,2551
especially,2552
flew,2553
apply,2554
#epic,2555
salt,2556
weakness,2557
#gameofthroness7,2558
female,2559
re-watch,2560
pass,2561
arryn,2562
#dracarys,2563
stuck,2564
#pcgamer,2565
#xboxonegame,2566
#gameinsight,2567
#gamereview,2568
#callofduty,2569
#cod,2570
#iw,2571
quit,2572
dracula,2573
#boardgames,2574
#artistsontwitter,2575
#epicfantasy,2576
ten,2577
hi,2578
#event,2579
#february,2580
everywhere,2581
#battleofthebastards,2582
memo,2583
excuse,2584
grrm,2585
haven,2586
ships,2587
entertaining,2588
@theculturefly,2589
#tvnews,2590
saga,2591
keeping,2592
lions,2593
register,2594
#botva17,2595
possibly,2596
completed,2597
common,2598
cut,2599
friendly,2600
#popvinyl,2601
hbo's,2602
realised,2603
ill,2604
. . .,2605
destroyed,2606
nominate,2607
natalie,2608
#artistthomasdelohery,2609
@jasonmomoanews,2610
#thomasdelohery,2611
beer,2612
bob,2613
audition,2614
preview,2615
gear,2616
#saturday,2617
#youtuber,2618
voice,2619
certain,2620
#caricevanhouten,2621
busy,2622
hail,2623
internet,2624
ğŸ¤—,2625
credits,2626
except,2627
#comics,2628
#earlyman,2629
grab,2630
matters,2631
announces,2632
#awesome,2633
digital,2634
quickly,2635
4th,2636
bonus,2637
field,2638
throwback,2639
questions,2640
fanart,2641
direwolf,2642
tribute,2643
â£,2644
simple,2645
images,2646
#dungeonsanddragons,2647
#middleearth,2648
7th,2649
message,2650
snowvillage,2651
#varietystudio,2652
#houselannister,2653
sellswords,2654
bold,2655
paper,2656
posting,2657
4k,2658
ğŸ˜°,2659
@hbo_uk,2660
@metrouk,2661
til,2662
reviews,2663
jax-ur,2664
wishing,2665
member,2666
obsession,2667
@ranveerofficial,2668
remove,2669
ğŸ™Š,2670
metro,2671
#viserion,2672
led,2673
#steampunk,2674
corner,2675
shield,2676
silver,2677
fully,2678
babies,2679
upon,2680
speaks,2681
clip,2682
@hbonordic,2683
mick,2684
involved,2685
sexual,2686
v,2687
dry,2688
ain,2689
bobby,2690
cross,2691
recommend,2692
knights,2693
#thepunisher,2694
ğŸ¤¦,2695
shower,2696
reign,2697
pod,2698
sooo,2699
#business,2700
#alfieallen,2701
#theongreyjoy,2702
asking,2703
#greysanatomy,2704
activity,2705
#addicted,2706
hints,2707
#tomhiddleston,2708
#gameofthrones-themed,2709
graphic,2710
paying,2711
aunt,2712
announced,2713
crying,2714
ups,2715
#tombraider,2716
swing,2717
tired,2718
#nowtv,2719
#horror,2720
#fashionblogger,2721
references,2722
prequel,2723
#cosplaygirl,2724
guitar,2725
ğŸ˜£,2726
#pop,2727
british,2728
magical,2729
industry,2730
hollywood's,2731
#ian1,2732
#sexy,2733
#vr,2734
#houseofcards,2735
specific,2736
#shame,2737
kieran,2738
belshaw,2739
karakter,2740
hanging,2741
#amazing,2742
faith,2743
isnt,2744
receive,2745
pls,2746
evil,2747
newest,2748
#pokemon,2749
jones,2750
#contest,2751
car,2752
perhaps,2753
irony,2754
darkness,2755
christ,2756
#costume,2757
unfortunately,2758
axed,2759
mix,2760
phone,2761
discovery,2762
losing,2763
@adobedrawing,2764
#adobedraw,2765
#ipadart,2766
chapel,2767
fool,2768
jealous,2769
level,2770
analysis,2771
#astormofswords,2772
ğŸ¾,2773
#women,2774
promise,2775
86,2776
ahead,2777
languages,2778
india,2779
shodor,2780
heat,2781
#crypto,2782
strange,2783
#parody,2784
#spoileralert,2785
#ccxp17,2786
ccxp,2787
evidence,2788
#knightfall,2789
boat,2790
realise,2791
discover,2792
worries,2793
etc,2794
age,2795
iain,2796
#podcast,2797
dropped,2798
sheeran,2799
#justiceleague,2800
unsullied,2801
enter,2802
society,2803
ballintoy,2804
often,2805
buying,2806
#india,2807
braavos,2808
audience,2809
reminder,2810
personal,2811
#crown,2812
ğŸŒ,2813
leader,2814
australian,2815
politicians,2816
#gotauspol,2817
strengthen,2818
eyed,2819
bid,2820
horn,2821
#twdfamily,2822
rr,2823
#nationaltelevisionawards,2824
viserion's,2825
#3dprinted,2826
#silver,2827
ğŸ†,2828
pretend,2829
#teamcersei,2830
#quoteoftheday,2831
remake,2832
twists,2833
spoke,2834
#vlogger,2835
carlos,2836
tiny,2837
#nature,2838
jumps,2839
finland's,2840
pray,2841
#british,2842
#hobi,2843
louis-dreyfus,2844
macy,2845
6s,2846
#filmmaking,2847
held,2848
randyll,2849
fashion,2850
stood,2851
obviamente,2852
serie,2853
rhaegal,2854
@indeepgeek,2855
@causewayglens,2856
mountains,2857
humanitas,2858
safety,2859
blanket,2860
ian,2861
#gotbeirtl2,2862
intense,2863
@dailygawk,2864
tapestry,2865
riding,2866
hates,2867
bts,2868
#ni,2869
#thespoilsofwar,2870
#olympics2018,2871
#gameofthronesseason6,2872
#nytf2018,2873
dickon,2874
hahah,2875
roger,2876
20th,2877
#poll,2878
@ao3org,2879
creative,2880
talent,2881
teaser,2882
#house,2883
arrive,2884
positive,2885
cunt,2886
â˜€,2887
booking,2888
#gotham,2889
airing,2890
daenarys,2891
stormborn,2892
btw,2893
#tronodispade,2894
joining,2895
#moodboard,2896
#beauty,2897
mercy,2898
thats,2899
december,2900
couples,2901
preparing,2902
13,2903
rumours,2904
whose,2905
parallels,2906
wheel,2907
tyrion's,2908
slot,2909
hero's,2910
".
.
.
.",2911
ğŸ’¯,2912
ğŸ¦Œ,2913
convince,2914
pendant,2915
fresh,2916
honest,2917
ages,2918
helping,2919
#fatherofdragons,2920
talented,2921
emotions,2922
hundred,2923
pill,2924
handmade,2925
noooo,2926
#littlefinger,2927
#50shades,2928
#themagus,2929
#paranormalromance,2930
#erotic,2931
#hotromance,2932
#eroticaromance,2933
#eroticromance,2934
appreciate,2935
reference,2936
@liamcunningham1,2937
queen's,2938
false,2939
retired,2940
marine,2941
projects,2942
tale,2943
beast,2944
starring,2945
leads,2946
payne,2947
girlfriend,2948
aired,2949
2013,2950
calm,2951
semi-finals,2952
#sword,2953
follows,2954
@tvline,2955
#oitnb,2956
voting,2957
whores,2958
men's,2959
@jeromeflynn,2960
#firefly,2961
ball,2962
st,2963
#tourismni,2964
@media_irelandus,2965
reactions,2966
@huffpostent,2967
#13reasonswhy,2968
dormer,2969
recognize,2970
#bendtheknee,2971
blend,2972
kicking,2973
#wolves,2974
#weekend,2975
bottom,2976
smart,2977
helps,2978
upset,2979
cried,2980
fill,2981
void,2982
#subscribe,2983
monopoly,2984
#gotfacts,2985
piano,2986
everyone's,2987
#expansion,2988
#tt,2989
#gotforthefirsttime,2990
track,2991
concern,2992
medal,2993
expecting,2994
#slots,2995
ign,2996
clean,2997
moneyglass,2998
downloads,2999
#amwriting,3000
kicks,3001
ginger,3002
#fridayreads,3003
talked,3004
@c0nvey,3005
surprising,3006
valentines,3007
july,3008
#ether,3009
#kitharrington,3010
purple,3011
#thehobbit,3012
s2,3013
upcoming,3014
#premiere,3015
#gameofthronesstamps,3016
color,3017
#althist,3018
#tolkien,3019
. ...,3020
ğŸ’œ,3021
whatever,3022
sometime,3023
walder,3024
staying,3025
presented,3026
#sendaraven,3027
@thronesfacts,3028
overall,3029
onion,3030
valyrian,3031
wallpaper,3032
#wallpaper,3033
#of,3034
defeat,3035
bless,3036
26,3037
student,3038
trees,3039
guilty,3040
dwarf,3041
failed,3042
local,3043
#thewitcher,3044
choice,3045
pizza,3046
#serdavos,3047
throat,3048
admit,3049
#2018,3050
ğŸ’Ÿ,3051
oberyn,3052
sneak,3053
relate,3054
selling,3055
roman,3056
results,3057
comments,3058
#pencil,3059
gente,3060
@climatesamwell,3061
suit,3062
information,3063
soundtracks,3064
flights,3065
admire,3066
clear,3067
previous,3068
rich,3069
dreadful,3070
betrayal,3071
@whelangemma,3072
undead,3073
dig,3074
#family,3075
@mashable,3076
goosebumps,3077
signed,3078
gallery,3079
@amazon,3080
harry,3081
wednesday,3082
calendar,3083
knowledge,3084
impressive,3085
bruh,3086
throwing,3087
#metoo,3088
joke,3089
#wedding,3090
awesomeness,3091
note,3092
ğŸ˜¨,3093
prove,3094
torture,3095
lords,3096
ğŸ˜»,3097
#robbstark,3098
#htgawm,3099
wont,3100
sharing,3101
dirty,3102
delay,3103
#interview,3104
superfan,3105
prep,3106
dvd,3107
tags,3108
#crochet,3109
pages,3110
pants,3111
youre,3112
switzerland,3113
evolution,3114
myr,3115
ni,3116
#amazonprime,3117
#hogwarts,3118
rise,3119
skin,3120
ğŸ“š,3121
drew,3122
law,3123
blade,3124
#sundance,3125
boston,3126
impressed,3127
reminding,3128
gutted,3129
#youknownothingjonsnow,3130
#startup,3131
posing,3132
suggestions,3133
risk,3134
#etherdelta,3135
#goals,3136
dick,3137
Â´,3138
rank,3139
continuing,3140
oath,3141
turning,3142
ğŸ™‚,3143
shadow,3144
sculptures,3145
thursday,3146
celebrity,3147
@smokescreenvids,3148
banner,3149
soo,3150
immediately,3151
magnificent,3152
woah,3153
difficult,3154
#bran,3155
present,3156
roar,3157
falls,3158
hells,3159
gregor,3160
zip,3161
facts,3162
#shawshankredemption,3163
#terminator,3164
#rocky,3165
deleted,3166
#siliconvalley,3167
#trueblood,3168
chocolate,3169
finishing,3170
feast,3171
slightly,3172
#giveaways,3173
fell,3174
#ungoor,3175
bone,3176
#pixelart,3177
project,3178
rare,3179
lil,3180
mixed,3181
joined,3182
added,3183
greater,3184
#cosplayers,3185
alum,3186
showed,3187
24th,3188
knock,3189
thrones-themed,3190
#draw,3191
#school,3192
training,3193
unlimited,3194
crossover,3195
flight,3196
â€•,3197
âœ¿,3198
#allstars3,3199
pro,3200
learning,3201
makeover,3202
#gots7finale,3203
poison,3204
reposting,3205
mess,3206
subscription,3207
#vale,3208
fears,3209
worry,3210
pretending,3211
count,3212
westeros-style,3213
watches,3214
jack,3215
mit,3216
river,3217
plans,3218
treat,3219
syfy,3220
following,3221
bryan,3222
chinese,3223
#quotesforlife,3224
burns,3225
socks,3226
#canada,3227
#hbogo,3228
wowed,3229
fly,3230
demand,3231
#asmsg,3232
jump,3233
appears,3234
arteast,3235
promotions,3236
#northeast,3237
#odetobamboo,3238
#followback,3239
celebs,3240
suddenly,3241
discusses,3242
forgotten,3243
faulkner,3244
rooting,3245
shades,3246
neighbors,3247
24,3248
reserve,3249
eachother,3250
au,3251
merch,3252
cuts,3253
ways,3254
promises,3255
successful,3256
snowing,3257
tip,3258
kept,3259
anywhere,3260
ran,3261
nudity,3262
delivery,3263
@officialntas,3264
meera,3265
#unboxing,3266
bird,3267
stark's,3268
courtesy,3269
#fantasticbeasts,3270
#hollywood,3271
sold,3272
@prince_mojo_,3273
âœˆ,3274
disappointing,3275
jonerys,3276
#weddings,3277
snows,3278
touch,3279
tbh,3280
usa,3281
woke,3282
faster,3283
inquiries,3284
#anime,3285
#branstark,3286
mirror,3287
holiday,3288
tho,3289
#superbowl,3290
#nta,3291
tony,3292
ğŸ˜•,3293
beating,3294
#baratheon,3295
deeper,3296
@aardman,3297
@earlymanmovie,3298
#heartnews,3299
jimmy,3300
#rarbg,3301
#games,3302
â–¼,3303
wallpapers,3304
<3,3305
netflix's,3306
charging,3307
marvelous,3308
motto,3309
#festival,3310
#vlogging,3311
#theresistance,3312
band,3313
kilt,3314
live-action,3315
juan,3316
fresnadillo,3317
includes,3318
smile,3319
temperatures,3320
glimpse,3321
#9anime,3322
#monopoly,3323
@serianmc,3324
#knight,3325
@kristiannairn,3326
ğŸ˜ ,3327
roll,3328
ew,3329
disgusting,3330
cult,3331
reader,3332
ğŸ¦‘,3333
dive,3334
crypts,3335
cruel,3336
walkout,3337
oezdemir,3338
gingers,3339
#thewall,3340
group,3341
amid,3342
#kindle,3343
@best_food_porn,3344
@gordonramsay,3345
@f00dp0rn,3346
@thisfoodtho,3347
kate,3348
gang,3349
ğŸŒ¨,3350
@scenesofulster,3351
@capturingni,3352
skating,3353
@thrones,3354
kingship,3355
germany's,3356
routine,3357
#jeromeflynn,3358
â–«,3359
olympic,3360
fleet,3361
court,3362
#nedstark,3363
valley,3364
bored,3365
buys,3366
homage,3367
spilled,3368
beans,3369
memories,3370
di,3371
announce,3372
agreed,3373
dm,3374
beautifully,3375
recording,3376
#violin,3377
staff,3378
tall,3379
moodboard,3380
prediction,3381
#gladiator,3382
scale,3383
warden,3384
#maisie,3385
#williams,3386
island,3387
laugh,3388
whore,3389
#jimmyfallon,3390
europe,3391
machine,3392
addictive,3393
#boxset,3394
jokes,3395
#nightwatch,3396
#vector,3397
monster,3398
male,3399
genius,3400
ğŸ¤,3401
cup,3402
#walkthrough,3403
suport,3404
vedio,3405
beware,3406
hint,3407
#thelastkingdom,3408
#mazerunner,3409
geoffrey,3410
warned,3411
personally,3412
1/27,3413
um,3414
#lprtg,3415
#wprtg,3416
#romancefantasy,3417
#epicromance,3418
#darkfantasy,3419
relaxing,3420
@potus,3421
#leeds,3422
#charity,3423
hurts,3424
charming,3425
alike,3426
#sex,3427
samuel,3428
handsome,3429
tears,3430
weapon,3431
radio,3432
service,3433
podrick,3434
writes,3435
clinton,3436
eps,3437
#necklace,3438
legit,3439
#january,3440
#gamergate,3441
useless,3442
6th,3443
serve,3444
idiots,3445
circle,3446
archive,3447
#piratesofthecaribbean,3448
#tbbt,3449
#playlist,3450
#lego,3451
butt,3452
#idrinkandiknowthings,3453
nfl,3454
audio,3455
crossed,3456
#toptvcouple,3457
@eonlinetv,3458
watchers,3459
texts,3460
slams,3461
t-shirts,3462
nathalie,3463
plenty,3464
direwolves,3465
cuz,3466
seat,3467
thru,3468
insane,3469
snake,3470
runner,3471
pain,3472
#thehandmaidstale,3473
cinema,3474
en,3475
trump's,3476
silly,3477
ğŸ˜Œ,3478
isadora,3479
blaque,3480
#wolf,3481
#mashup,3482
breakfast,3483
joker,3484
sea,3485
binged,3486
speech,3487
feelings,3488
wore,3489
heading,3490
sub,3491
realising,3492
blame,3493
ebay,3494
#wip,3495
#ps4share,3496
easter,3497
chills,3498
#themazerunner,3499
#europe,3500
source,3501
#dance,3502
yup,3503
agents,3504
depose,3505
zahavi,3506
mendes,3507
market,3508
retweeting,3509
expert,3510
yall,3511
#ink,3512
entered,3513
#netflixandchill,3514
#melisandre,3515
@time,3516
badly,3517
draw,3518
#agentsofshield,3519
worthy,3520
ashes,3521
dire,3522
allegiance,3523
claim,3524
halloween,3525
contact,3526
#celebrity,3527
#ethereum,3528
#future,3529
#viral,3530
#onceuponatime,3531
cooler,3532
geeks,3533
traitor,3534
blonde,3535
s3,3536
s6,3537
#party,3538
records,3539
train,3540
fools,3541
#atlantis,3542
leaks,3543
purchased,3544
slow,3545
hashtag,3546
#dogs,3547
#trending,3548
regards,3549
auction,3550
@att,3551
nerd,3552
ceramic,3553
regular,3554
8k,3555
#wallpapers,3556
rules,3557
#wood,3558
laughing,3559
wearing,3560
visual,3561
animation,3562
ğŸ˜“,3563
commander,3564
football,3565
zero,3566
dnc,3567
fisa,3568
gaming,3569
changing,3570
hannah,3571
huffpost,3572
bitches,3573
colors,3574
extreme,3575
bags,3576
precious,3577
paint,3578
dorne,3579
il,3580
reasons,3581
chart,3582
casey,3583
bloys,3584
#genteofthrones,3585
#room28comedy,3586
amr,3587
battlefield,3588
monsters,3589
celtic,3590
#thriller,3591
resemble,3592
#celebritynews,3593
rewatched,3594
dear,3595
commentary,3596
#iainglen,3597
#grief,3598
#death,3599
driving,3600
#rome,3601
nigga,3602
@hamillhimself,3603
produced,3604
momoa's,3605
#murrayhill,3606
#libraries,3607
#truth,3608
@davos,3609
readers,3610
#podcasting,3611
iwan,3612
yea,3613
kidding,3614
#bingewatch,3615
worn,3616
#katsucon2018,3617
covers,3618
legendary,3619
decor,3620
nude,3621
webber,3622
negotiations,3623
isis,3624
horrible,3625
ğŸ¥,3626
foot,3627
mens,3628
topic,3629
madness,3630
#entrepreneurs,3631
rivals,3632
allies,3633
cats,3634
ğŸ•º,3635
#holdthedoor,3636
flames,3637
cliffhanger,3638
medium,3639
managed,3640
six-episode,3641
shoulder,3642
acrylic,3643
press,3644
rounds,3645
boxset,3646
#gift,3647
published,3648
mates,3649
camera,3650
carpet,3651
#skyatlantic,3652
ilyn,3653
#me,3654
execution,3655
shut,3656
hikes,3657
#us,3658
#svod,3659
yo,3660
debt,3661
#pussy,3662
hits,3663
tongue,3664
conversations,3665
bounz,3666
#amay,3667
tie,3668
#icymi,3669
#dynowallet,3670
#tokensale,3671
#exchange,3672
#yyz,3673
#yyc,3674
#yvr,3675
valentine,3676
guards,3677
wildlings,3678
stereotyping,3679
bucket,3680
aw,3681
29,3682
#cute,3683
lessons,3684
fancy,3685
brain,3686
exposition,3687
mans,3688
lover,3689
economic,3690
forum,3691
telltale,3692
mount,3693
tender,3694
cripples,3695
vicious,3696
similarities,3697
failing,3698
phew,3699
#collection,3700
idk,3701
gf,3702
#worldeconomicforum,3703
reach,3704
green,3705
#homealone,3706
#goodfellas,3707
#scarface,3708
#rambo,3709
#ofah,3710
#thedarkknight,3711
#badsanta,3712
seemed,3713
enjoyed,3714
#jon,3715
whoever,3716
fit,3717
#mugs,3718
various,3719
#best,3720
#psvr,3721
@ungoor_you,3722
jay,3723
completely,3724
ğŸ™ƒ,3725
#porn,3726
indeed,3727
pogs,3728
button,3729
critics,3730
issues,3731
sorted,3732
mural,3733
taught,3734
roose,3735
compared,3736
belong,3737
mental,3738
#bluray,3739
#coffee,3740
paths,3741
casts,3742
deluxe,3743
roots,3744
escape,3745
#inspiration,3746
satisfied,3747
ğŸ’›,3748
portraits,3749
ğŸŒŠ,3750
#varietystreamer,3751
brave,3752
load,3753
â„˜,3754
baratheon's,3755
designed,3756
delicious,3757
coin,3758
#woodworking,3759
genuinely,3760
ğŸ’,3761
prophecy,3762
resumes,3763
harpy,3764
alongside,3765
#jewellery,3766
mentioned,3767
grounded,3768
brace,3769
mail's,3770
clever,3771
ğŸ¶,3772
threesome,3773
posted,3774
#steelbook,3775
man's,3776
#thexfiles,3777
empire,3778
marching,3779
invented,3780
dvds,3781
#infinitywar,3782
doors,3783
sagawards-winning,3784
mask,3785
coffee,3786
coast,3787
search,3788
breathing,3789
center,3790
followed,3791
invite,3792
#gameofthronesf,3793
#hbonaccxp,3794
react,3795
1-7,3796
blu-ray,3797
keen,3798
escaped,3799
#collectibles,3800
theatre,3801
#politics,3802
#new,3803
kindle,3804
attempt,3805
delhi,3806
#mynameiseeooow,3807
#arteast,3808
#bamboo,3809
@nfi_delhi,3810
#prettylittleliars,3811
batch,3812
lit,3813
response,3814
tf,3815
#powerrangers,3816
conleth,3817
#cats,3818
honorable,3819
engraved,3820
#spoiler,3821
example,3822
peace,3823
#castle,3824
#iphone,3825
#ebay,3826
@talking_thrones,3827
tuned,3828
ğŸ˜,3829
reads,3830
discussion,3831
#quiz,3832
hyped,3833
bedroom,3834
sweatshirt,3835
harder,3836
films,3837
ğŸ»,3838
tape,3839
wings,3840
props,3841
blogger,3842
@patreon,3843
motley,3844
crue,3845
#thedirt,3846
solo,3847
wisdom,3848
jerome,3849
@visitcauseway,3850
ruler,3851
position,3852
punch,3853
#fire,3854
#worldwar2,3855
picked,3856
guard,3857
closing,3858
ğŸ’,3859
bracelet,3860
#geeks,3861
19,3862
clash,3863
ğŸ¹,3864
#loki,3865
journal,3866
election,3867
adorable,3868
#blogger,3869
tough,3870
fist,3871
#climatechange,3872
#girl,3873
built,3874
equal,3875
struggle,3876
#friday,3877
#birthday,3878
waif,3879
pledged,3880
africa,3881
etsy,3882
pillow,3883
champion,3884
sixth,3885
tweeted,3886
48,3887
supposed,3888
cinematography,3889
#theoriginals,3890
harrington,3891
comics,3892
#conventioninrussia,3893
#hearus,3894
#bookworm,3895
#travelblogger,3896
club,3897
council,3898
#diy,3899
frozen,3900
#sblii,3901
category,3902
#maker,3903
particular,3904
hanks,3905
#cosplayer,3906
#photooftheday,3907
#kickass,3908
#torrents,3909
#kat,3910
#tpb,3911
#extratorrent,3912
#thepiratebay,3913
#torlock,3914
stylistmagazine,3915
european,3916
warns,3917
paid,3918
comparing,3919
rebellion,3920
trek,3921
waited,3922
offering,3923
soft,3924
ayra,3925
avenger,3926
everlasting,3927
@dianarigghq,3928
#theavengers,3929
#onhermajestyssecretservice,3930
#thehospital,3931
#theaterofblood,3932
#heddagabler,3933
#evilunderthesun,3934
#thepaintedveil,3935
refuse,3936
maisie_williams,3937
reports,3938
#cool,3939
#supportsmallyoutubers,3940
#mentalhealth,3941
#gainwithxtiandela,3942
#gainwithpyewaw,3943
#followbackarmy,3944
#tweet,3945
1-3,3946
#buffythevampireslayer,3947
certainly,3948
#twinpeaks,3949
@startrekcbs,3950
player,3951
crypto,3952
tully,3953
cogman,3954
viz,3955
#spanktheyeti,3956
#sheetmusic,3957
bears,3958
#indiefilm,3959
ğŸ˜,3960
livestream,3961
#snagfilms,3962
#jontargaryen,3963
#mancrush,3964
#mce,3965
#top5,3966
#1990s,3967
table,3968
che,3969
#bookstagram,3970
carved,3971
#daenarys,3972
path,3973
boatsex,3974
carice,3975
houten,3976
palette,3977
#review,3978
secrets,3979
olly,3980
@nbcthisisus,3981
bruno,3982
rickon,3983
#gotseason8,3984
#design,3985
cancelled,3986
ğŸŒ¬,3987
#custom,3988
toastycritic,3989
located,3990
rob,3991
bottles,3992
lizponce,3993
cersi,3994
#wool,3995
protecting,3996
friendzone,3997
dislike,3998
resides,3999
à¥‡,4000
badge,4001
rant,4002
rape,4003
thrones'-themed,4004
#theknightswatch,4005
opportunity,4006
recasting,4007
#saturdaymotivation,4008
shakman,4009
below-zero,4010
#sanchez,4011
jonsa,4012
#fireandice,4013
polar,4014
chain,4015
#ep10,4016
thoroughly,4017
dedicated,4018
#dagger,4019
@regallalive,4020
#jonerysedit,4021
highest-paid,4022
points,4023
string,4024
#gots7e7,4025
cking,4026
#katsucon,4027
âœ´,4028
thriller,4029
#unity3d,4030
brian,4031
performed,4032
#vampirediaries,4033
@darkhorsecomics,4034
#paulfentz,4035
@travellingdany,4036
panther,4037
armies,4038
#asoiaffamily,4039
bullshit,4040
performs,4041
#darkhorserules,4042
tarlys,4043
threatening,4044
sasna,4045
yelling,4046
federer,4047
grass,4048
breaker,4049
@rogerfederer,4050
silence,4051
#charmed,4052
#ausopen,4053
silent,4054
jaqtkd,4055
eggs,4056
russia,4057
remembered,4058
#obsessed,4059
th,4060
goblet,4061
licensed,4062
criminal,4063
intrigue,4064
courage,4065
viper,4066
#game_of_thrones,4067
pulling,4068
studios,4069
tight,4070
encore,4071
â—,4072
hometown,4073
crystal,4074
#ring,4075
outtakes,4076
ritual,4077
soup,4078
#fiction,4079
deborah,4080
adore,4081
#iplauction,4082
advance,4083
cities,4084
soooo,4085
#hooked,4086
text,4087
#gamesofthrones,4088
lifetime,4089
#therainsofcastamere,4090
convincing,4091
siblings,4092
finnish,4093
#teamstark,4094
childhood,4095
cousin,4096
road,4097
#summer,4098
in-cest,4099
#seanbean,4100
dancing,4101
armour,4102
freak,4103
stole,4104
rush,4105
#giftidea,4106
aiden,4107
opposite,4108
shaken,4109
#darkfiction,4110
#snrtg,4111
organising,4112
fundraiser,4113
@wmdlc,4114
#fundraising,4115
#disability,4116
#accessiblegames,4117
fights,4118
blackfish,4119
usual,4120
tyrian,4121
swallow,4122
military,4123
gigs,4124
umm,4125
flag,4126
fingers,4127
twisted,4128
alien,4129
#gameofthronesbeer,4130
bush,4131
obama,4132
dynasty,4133
#hawaiifive0,4134
#izombie,4135
parent,4136
squid,4137
7:30,4138
believed,4139
#danyproblems,4140
currency,4141
#doodle,4142
rent,4143
dudes,4144
sept,4145
blackfyre,4146
danny,4147
trade,4148
ğŸŒš,4149
ğŸŒ²,4150
ğŸ’¦,4151
#military,4152
#season5,4153
#sister,4154
bright,4155
#qanon,4156
smarter,4157
sides,4158
puzzle,4159
giants,4160
consider,4161
interest,4162
ğŸ¤¤,4163
woof,4164
sequence,4165
emmanuel,4166
#nathalieemmanuel,4167
reported,4168
anti,4169
screamed,4170
#ommegangbrewery,4171
weigh,4172
atlantic,4173
conquest,4174
chest,4175
ğŸ˜¶,4176
vet,4177
gender-swapped,4178
explainer,4179
#captainmarvel,4180
attempting,4181
phenomenal,4182
interviews,4183
mod,4184
#model,4185
covering,4186
subscribers,4187
min,4188
sh,4189
ambitious,4190
vile,4191
vanity,4192
threatens,4193
trading,4194
#thorragnarok,4195
#thedefenders,4196
#trailermusic,4197
#youtubechannel,4198
#commissions,4199
ğŸ˜µ,4200
ğŸˆ,4201
sundays,4202
#dynoapps,4203
tech,4204
#newyork,4205
jackson,4206
loras,4207
unlikely,4208
opinions,4209
ğŸ¥‡,4210
#onlineslots,4211
#football,4212
favour,4213
merchandise,4214
incorrect,4215
destroy,4216
appearance,4217
#marketing,4218
#blog,4219
prizes,4220
#aidangillen,4221
#puppy,4222
russian,4223
ğŸ“–,4224
weirder,4225
#criticalrole,4226
ticket,4227
#legendsoftomorrow,4228
geekout,4229
@winterfelltours,4230
#nickjonas,4231
eventually,4232
closest,4233
emoji,4234
partnership,4235
ğŸ§,4236
trouble,4237
rowing,4238
#funkofunatic,4239
#vinyl,4240
legends,4241
skull,4242
stays,4243
shoots,4244
fam,4245
#booklovers,4246
emilia_clarke,4247
#grail,4248
#secret,4249
vol,4250
#tanks,4251
#holygrail,4252
equivalent,4253
fb,4254
countdown,4255
insignia,4256
pelosi,4257
votes,4258
tax,4259
painful,4260
".
.
.
.
.
.",4261
research,4262
#memes,4263
#otp,4264
sent,4265
#bitcoin,4266
beg,4267
#dany,4268
command,4269
accounts,4270
customer,4271
#deadwood,4272
5pm,4273
#hungergames,4274
#greenlantern,4275
ruling,4276
blowing,4277
teased,4278
leather,4279
#obsidian,4280
greyscale,4281
hasn,4282
endings,4283
masterpiece,4284
hundreds,4285
millions,4286
aardman,4287
patch,4288
doj,4289
republicans,4290
hillary,4291
#leagueoflegends,4292
dose,4293
sales,4294
#dragoneggs,4295
described,4296
waddingham,4297
gsm,4298
angel,4299
ğŸ’,4300
soul,4301
nature,4302
gentleman,4303
louis,4304
trilogy,4305
insult,4306
slap,4307
#graffiti,4308
ps,4309
detailed,4310
#throne,4311
khilji,4312
800,4313
success,4314
ugly,4315
#candle,4316
@pierce_brown,4317
@nytimes,4318
#irongold,4319
adding,4320
craft,4321
strongest,4322
graph,4323
survivor,4324
appear,4325
outfit,4326
commands,4327
hidden,4328
hop,4329
shoes,4330
deeply,4331
#english,4332
develop,4333
depression,4334
followers,4335
#nataliatena,4336
removed,4337
complain,4338
packaging,4339
mostly,4340
#nikolajcosterwaldau,4341
situation,4342
settings,4343
seal,4344
pups,4345
allen,4346
wailing,4347
siren,4348
#grieving,4349
#loss,4350
#cancer,4351
chris,4352
footage,4353
chat,4354
#spartacus,4355
education,4356
reed,4357
ton,4358
ultimate,4359
terribly,4360
#jonstark,4361
#ass,4362
#wtf,4363
#seriously,4364
hearing,4365
pg,4366
crowd,4367
nowhere,4368
national,4369
#wef18,4370
weak,4371
somewhere,4372
fruit,4373
pun,4374
potter,4375
jk,4376
itunes,4377
rheon,4378
cameo,4379
solid,4380
fame,4381
switched,4382
disc,4383
#nowwatching,4384
#telfie,4385
@telfieapp,4386
photography,4387
pull,4388
canvas,4389
aesthetically,4390
pleasing,4391
highly,4392
carefully,4393
stein,4394
cutest,4395
exception,4396
presents,4397
heck,4398
tasting,4399
prime,4400
boyfriend,4401
ongoing,4402
tide,4403
seemingly,4404
awful,4405
#season,4406
caption,4407
unstoppable,4408
horses,4409
figured,4410
@precinctkitchen,4411
clicking,4412
prepared,4413
options,4414
bones,4415
#cantwait,4416
animated,4417
#cg,4418
gamesradar,4419
ray,4420
net,4421
incredibly,4422
whiskey,4423
rushed,4424
ğŸ˜¼,4425
chicken,4426
brandon,4427
#skyboxsets,4428
ridiculous,4429
clothes,4430
figures,4431
furry,4432
ğŸ¤¬,4433
#sky,4434
wrap,4435
claims,4436
master,4437
#amigurumi,4438
request,4439
#test,4440
hip,4441
america,4442
correct,4443
clues,4444
elite,4445
giveaway,4446
thou,4447
heavy,4448
showcase,4449
passes,4450
#throwbackthursday,4451
yoren,4452
#lifestyle,4453
#patriots,4454
#comicbook,4455
17th,4456
ripped,4457
potus,4458
@nowtvhelp,4459
#science,4460
sail,4461
drowned,4462
taste,4463
elia,4464
welcomed,4465
children's,4466
#geekgirl,4467
menu,4468
#catsoftwitter,4469
#ramsaybolton,4470
glover,4471
Â©,4472
passed,4473
smell,4474
#corrie,4475
@cravetvcanada,4476
#trade,4477
#wealth,4478
award-winning,4479
create,4480
orchestral,4481
mythical,4482
beasts,4483
landscapes,4484
realms,4485
mentions,4486
written,4487
ğŸ˜¯,4488
makeup,4489
#filmlocation,4490
#discoverni,4491
#geekgirltravel,4492
#fabercastell,4493
#zombies,4494
#gendry,4495
@facebook,4496
acquire,4497
ğŸ¤©,4498
#bulletjournal,4499
#journal,4500
mistaken,4501
tribe,4502
allowed,4503
uncanny,4504
padmaavat,4505
clients,4506
#night,4507
royalty,4508
church,4509
user,4510
delivered,4511
#tea,4512
ah,4513
fleece,4514
unisex,4515
network,4516
topics,4517
#petyrbaelish,4518
rubbish,4519
#tourism,4520
#photoshoot,4521
bang,4522
hiding,4523
ğŸ¤­,4524
spread,4525
#repost,4526
crowded,4527
awake,4528
pmc,4529
banners,4530
presence,4531
cook,4532
bite,4533
virtual,4534
reality,4535
#vrcosplayx,4536
#vrporn,4537
#lewdcosplay,4538
#xxx,4539
#sexycosplay,4540
jaqen,4541
h'ghar,4542
coding,4543
#ai,4544
voucher,4545
rs,4546
appropriate,4547
compare,4548
displays,4549
gigantic,4550
presenting,4551
#toys,4552
#punisher,4553
#button,4554
relax,4555
jauhar,4556
#nerdalert,4557
edits,4558
daddy,4559
proper,4560
properly,4561
affairs,4562
sacrifice,4563
mat,4564
#villain,4565
standards,4566
keychain,4567
sports,4568
#theonionknight,4569
#makerspace,4570
asleep,4571
barely,4572
casting,4573
teacher's,4574
edge,4575
bill,4576
realism,4577
marks,4578
higher,4579
wanting,4580
confusing,4581
#theevilwithin,4582
#evilwithin,4583
library,4584
#dragrace,4585
border,4586
apple,4587
rigged,4588
rn,4589
spending,4590
valar,4591
needle,4592
programme,4593
ps4,4594
#cartoon,4595
laughter,4596
wake,4597
#dreams,4598
memory,4599
sucks,4600
traveller's,4601
explained,4602
charge,4603
double,4604
beneath,4605
fraud,4606
mile,4607
fml,4608
fighter,4609
@jodyscorner1,4610
traveling,4611
#spoilsofwar,4612
#action,4613
donnel,4614
waynwood,4615
wise,4616
#apple,4617
conqueror,4618
#overwatch,4619
#avengersinfinitywar,4620
doodle,4621
crap,4622
wishes,4623
plz,4624
tear,4625
liar,4626
ğŸ—£,4627
jewellery,4628
programming,4629
nouveau,4630
#fandom,4631
#youknownothing,4632
ppl,4633
#dyn,4634
partner,4635
rises,4636
aww,4637
#conceptart,4638
acok,4639
ac,4640
narrative,4641
#sevilla,4642
connect,4643
data,4644
@hanwaddingham,4645
@jimmyfallon,4646
tourists,4647
ğŸ‡ª,4648
vengeance,4649
sits,4650
fifty,4651
#flyeaglesfly,4652
fewer,4653
alternative,4654
:p,4655
sibling,4656
explaining,4657
theres,4658
@amazonuk,4659
fabulous,4660
symptoms,4661
stops,4662
one's,4663
teacher,4664
#moviereview,4665
sooner,4666
#socialmedia,4667
â›„,4668
dnaafterhrs,4669
san,4670
#sundayfunday,4671
#dorne,4672
#empire,4673
#gotfanart,4674
planet,4675
#jaime,4676
issue,4677
finds,4678
#imasabitri,4679
#follow4follow,4680
rate,4681
vids,4682
chick,4683
mirri,4684
maz,4685
bracelets,4686
bingeing,4687
models,4688
laid,4689
pw357,4690
lannister's,4691
mid,4692
commercials,4693
faced,4694
thumbs,4695
#travelphotography,4696
brad,4697
pitt,4698
"120,000",4699
deadly,4700
#fans,4701
#thehungergames,4702
replace,4703
program,4704
#deals,4705
#regal,4706
sending,4707
germany,4708
belly,4709
editing,4710
comeback,4711
hump,4712
masters,4713
meryl,4714
streep,4715
ğŸ¸,4716
#titanic,4717
#sale,4718
ğŸ¤™,4719
releasing,4720
#progress,4721
#sad,4722
obey,4723
#dwarf,4724
#mordor,4725
wire,4726
steal,4727
#thealienist,4728
ğŸ‘°,4729
disney,4730
#portraits,4731
cosplays,4732
glorious,4733
steals,4734
blast,4735
#icedragon,4736
ğŸ¤´,4737
barista,4738
illustration,4739
#comicbookart,4740
#characterdesign,4741
#podcasts,4742
gem,4743
screaming,4744
mum,4745
hosting,4746
renaissance,4747
coins,4748
@newslineweather,4749
exist,4750
kneel,4751
wouldn,4752
ğŸ’˜,4753
#hashtag,4754
galaxy,4755
qarth,4756
johnny,4757
#updownandsideways,4758
#othersilkroute,4759
@barblackbear,4760
#hoboken,4761
#hudsoncounty,4762
#nj,4763
inner,4764
lara,4765
admits,4766
bank,4767
#cover,4768
amp,4769
#lineofduty,4770
@discoverireland,4771
explanation,4772
swamp,4773
deny,4774
sassy,4775
#montage,4776
cheers,4777
nominees,4778
montage,4779
#thor,4780
#gameofthronestour,4781
former,4782
lied,4783
doug,4784
timeline,4785
leadership,4786
presidential,4787
#wednesdaywisdom,4788
@binordic,4789
#ghost,4790
three-eyed,4791
types,4792
tim,4793
#liar,4794
vital,4795
el,4796
del,4797
breed,4798
california,4799
extent,4800
falling,4801
#holidays,4802
swift,4803
bff,4804
knives,4805
2k18,4806
candle,4807
#hinakhan,4808
control,4809
#oathkeeper,4810
#vintage,4811
weirdest,4812
alliance,4813
dreamed,4814
#drawingoftheday,4815
#hero,4816
@danygonebad,4817
25th,4818
marketing,4819
@peter_dinklage,4820
achievement,4821
within,4822
force,4823
celebrating,4824
closer,4825
size,4826
mocked,4827
transported,4828
suicide,4829
welcomes,4830
listed,4831
#lmao,4832
pleasure,4833
#grrmspeaking,4834
suggesting,4835
#ouat,4836
#supergirl,4837
ğŸ‘Š,4838
roasted,4839
timing,4840
#bbc,4841
sand,4842
breinne,4843
latter,4844
choices,4845
kisses,4846
raging,4847
rory,4848
mccann,4849
#madmen,4850
protector,4851
minis,4852
randomly,4853
assume,4854
bf,4855
thorns,4856
#daeneryscosplay,4857
ğŸ§Ÿ,4858
#toronto,4859
que,4860
watcher,4861
heartbroken,4862
#booknerd,4863
filled,4864
#gameofthronesfans,4865
ing,4866
inspirational,4867
creativity,4868
16,4869
#needle,4870
ğŸ’‹,4871
9th,4872
dramas,4873
#tabletop,4874
#larp,4875
#dancing,4876
#aegontargaryen,4877
desperately,4878
ğŸ§,4879
loyal,4880
whites,4881
swim,4882
#donaldtrump,4883
beheading,4884
ğŸ‡¬,4885
ğŸ‡§,4886
stan,4887
#nflplayoffs,4888
notice,4889
loses,4890
renly,4891
dgt,4892
#bronn,4893
@theellenshow,4894
robbed,4895
fucks,4896
sake,4897
pillars,4898
nooooo,4899
#gold,4900
#robertbaratheon,4901
#awoodco,4902
1/2,4903
#bristol,4904
insta,4905
fallon,4906
#housetyrell,4907
#drawings,4908
flower,4909
#gotcosplay,4910
#yify,4911
#1337x,4912
goal,4913
dua,4914
lipa,4915
#assassinscreed,4916
xxx,4917
argue,4918
repeating,4919
#nerds,4920
#dothraki,4921
examiner,4922
16th,4923
tune,4924
pst,4925
smiling,4926
praying,4927
drive,4928
international,4929
excellent,4930
haunting,4931
self,4932
#poetry,4933
#funkopops,4934
tryion,4935
#breakdown,4936
#musicalthrones,4937
repeat,4938
sew,4939
#downtonabbey,4940
robert's,4941
ambition,4942
wed,4943
sherlock,4944
contribution,4945
#gossipgirl,4946
300,4947
blizzard,4948
meantime,4949
#tech,4950
#kimilia,4951
arriving,4952
@counterpart_stz,4953
likely,4954
#pakistan,4955
@thr,4956
bending,4957
gotten,4958
harness,4959
#creativedialogues,4960
reboot,4961
45,4962
matt,4963
switch,4964
description,4965
awww,4966
friendship,4967
@twittermoments,4968
cocaine,4969
#mindhunter,4970
dad's,4971
vintage,4972
station,4973
happiness,4974
emperor,4975
georgiou,4976
promising,4977
nikolaj,4978
coster-waldau,4979
@jack_septic_eye,4980
javelin,4981
lame,4982
#newmusic,4983
odds,4984
dyno,4985
fur,4986
holding,4987
cercei,4988
#dataviz,4989
lads,4990
â°,4991
assassin,4992
#pianocover,4993
monica,4994
#deviantart,4995
somehow,4996
#suits,4997
jaw,4998
unknown_token,4999
